crimes,date
557,2003-01-01
366,2003-01-02
406,2003-01-03
322,2003-01-04
354,2003-01-05
377,2003-01-06
380,2003-01-07
489,2003-01-08
385,2003-01-09
376,2003-01-10
328,2003-01-11
290,2003-01-12
370,2003-01-13
378,2003-01-14
367,2003-01-15
376,2003-01-16
397,2003-01-17
324,2003-01-18
280,2003-01-19
375,2003-01-20
353,2003-01-21
429,2003-01-22
430,2003-01-23
425,2003-01-24
425,2003-01-25
314,2003-01-26
381,2003-01-27
408,2003-01-28
474,2003-01-29
384,2003-01-30
380,2003-01-31
392,2003-02-01
319,2003-02-02
389,2003-02-03
413,2003-02-04
377,2003-02-05
431,2003-02-06
474,2003-02-07
341,2003-02-08
329,2003-02-09
468,2003-02-10
397,2003-02-11
391,2003-02-12
410,2003-02-13
399,2003-02-14
324,2003-02-15
304,2003-02-16
347,2003-02-17
452,2003-02-18
431,2003-02-19
391,2003-02-20
380,2003-02-21
398,2003-02-22
333,2003-02-23
370,2003-02-24
404,2003-02-25
459,2003-02-26
416,2003-02-27
414,2003-02-28
425,2003-03-01
325,2003-03-02
356,2003-03-03
425,2003-03-04
386,2003-03-05
380,2003-03-06
444,2003-03-07
371,2003-03-08
330,2003-03-09
377,2003-03-10
423,2003-03-11
472,2003-03-12
386,2003-03-13
454,2003-03-14
375,2003-03-15
335,2003-03-16
369,2003-03-17
391,2003-03-18
319,2003-03-19
417,2003-03-20
363,2003-03-21
343,2003-03-22
283,2003-03-23
349,2003-03-24
368,2003-03-25
406,2003-03-26
434,2003-03-27
407,2003-03-28
383,2003-03-29
368,2003-03-30
342,2003-03-31
481,2003-04-01
404,2003-04-02
404,2003-04-03
444,2003-04-04
370,2003-04-05
314,2003-04-06
312,2003-04-07
418,2003-04-08
442,2003-04-09
441,2003-04-10
478,2003-04-11
323,2003-04-12
359,2003-04-13
421,2003-04-14
421,2003-04-15
343,2003-04-16
372,2003-04-17
403,2003-04-18
326,2003-04-19
324,2003-04-20
345,2003-04-21
388,2003-04-22
469,2003-04-23
375,2003-04-24
404,2003-04-25
415,2003-04-26
289,2003-04-27
348,2003-04-28
389,2003-04-29
389,2003-04-30
447,2003-05-01
410,2003-05-02
303,2003-05-03
308,2003-05-04
355,2003-05-05
409,2003-05-06
372,2003-05-07
420,2003-05-08
399,2003-05-09
324,2003-05-10
303,2003-05-11
398,2003-05-12
429,2003-05-13
417,2003-05-14
421,2003-05-15
405,2003-05-16
300,2003-05-17
337,2003-05-18
351,2003-05-19
378,2003-05-20
368,2003-05-21
397,2003-05-22
369,2003-05-23
355,2003-05-24
287,2003-05-25
316,2003-05-26
408,2003-05-27
331,2003-05-28
407,2003-05-29
368,2003-05-30
346,2003-05-31
395,2003-06-01
410,2003-06-02
374,2003-06-03
404,2003-06-04
384,2003-06-05
383,2003-06-06
304,2003-06-07
336,2003-06-08
374,2003-06-09
414,2003-06-10
365,2003-06-11
396,2003-06-12
405,2003-06-13
312,2003-06-14
292,2003-06-15
337,2003-06-16
347,2003-06-17
363,2003-06-18
366,2003-06-19
413,2003-06-20
349,2003-06-21
268,2003-06-22
369,2003-06-23
372,2003-06-24
393,2003-06-25
415,2003-06-26
350,2003-06-27
341,2003-06-28
310,2003-06-29
321,2003-06-30
461,2003-07-01
363,2003-07-02
428,2003-07-03
337,2003-07-04
313,2003-07-05
317,2003-07-06
362,2003-07-07
391,2003-07-08
365,2003-07-09
358,2003-07-10
410,2003-07-11
313,2003-07-12
325,2003-07-13
319,2003-07-14
409,2003-07-15
433,2003-07-16
396,2003-07-17
393,2003-07-18
451,2003-07-19
329,2003-07-20
384,2003-07-21
354,2003-07-22
384,2003-07-23
358,2003-07-24
385,2003-07-25
330,2003-07-26
306,2003-07-27
347,2003-07-28
347,2003-07-29
295,2003-07-30
304,2003-07-31
433,2003-08-01
338,2003-08-02
330,2003-08-03
338,2003-08-04
360,2003-08-05
384,2003-08-06
412,2003-08-07
357,2003-08-08
358,2003-08-09
329,2003-08-10
386,2003-08-11
392,2003-08-12
414,2003-08-13
407,2003-08-14
440,2003-08-15
352,2003-08-16
290,2003-08-17
346,2003-08-18
389,2003-08-19
408,2003-08-20
427,2003-08-21
437,2003-08-22
358,2003-08-23
338,2003-08-24
359,2003-08-25
387,2003-08-26
413,2003-08-27
430,2003-08-28
349,2003-08-29
393,2003-08-30
347,2003-08-31
383,2003-09-01
358,2003-09-02
357,2003-09-03
339,2003-09-04
421,2003-09-05
378,2003-09-06
350,2003-09-07
353,2003-09-08
405,2003-09-09
418,2003-09-10
461,2003-09-11
424,2003-09-12
380,2003-09-13
334,2003-09-14
386,2003-09-15
426,2003-09-16
382,2003-09-17
440,2003-09-18
402,2003-09-19
381,2003-09-20
351,2003-09-21
406,2003-09-22
464,2003-09-23
447,2003-09-24
366,2003-09-25
449,2003-09-26
379,2003-09-27
318,2003-09-28
382,2003-09-29
388,2003-09-30
476,2003-10-01
412,2003-10-02
416,2003-10-03
322,2003-10-04
333,2003-10-05
366,2003-10-06
437,2003-10-07
414,2003-10-08
358,2003-10-09
352,2003-10-10
356,2003-10-11
334,2003-10-12
378,2003-10-13
400,2003-10-14
402,2003-10-15
446,2003-10-16
409,2003-10-17
339,2003-10-18
330,2003-10-19
394,2003-10-20
441,2003-10-21
433,2003-10-22
378,2003-10-23
406,2003-10-24
308,2003-10-25
304,2003-10-26
336,2003-10-27
434,2003-10-28
370,2003-10-29
421,2003-10-30
432,2003-10-31
458,2003-11-01
312,2003-11-02
400,2003-11-03
368,2003-11-04
353,2003-11-05
339,2003-11-06
372,2003-11-07
327,2003-11-08
334,2003-11-09
377,2003-11-10
345,2003-11-11
382,2003-11-12
402,2003-11-13
410,2003-11-14
368,2003-11-15
282,2003-11-16
391,2003-11-17
394,2003-11-18
397,2003-11-19
375,2003-11-20
395,2003-11-21
375,2003-11-22
312,2003-11-23
315,2003-11-24
351,2003-11-25
423,2003-11-26
290,2003-11-27
335,2003-11-28
331,2003-11-29
259,2003-11-30
388,2003-12-01
365,2003-12-02
351,2003-12-03
365,2003-12-04
384,2003-12-05
314,2003-12-06
256,2003-12-07
346,2003-12-08
327,2003-12-09
328,2003-12-10
368,2003-12-11
354,2003-12-12
292,2003-12-13
288,2003-12-14
364,2003-12-15
406,2003-12-16
334,2003-12-17
354,2003-12-18
331,2003-12-19
332,2003-12-20
338,2003-12-21
362,2003-12-22
315,2003-12-23
254,2003-12-24
211,2003-12-25
258,2003-12-26
284,2003-12-27
275,2003-12-28
287,2003-12-29
338,2003-12-30
283,2003-12-31
397,2004-01-01
313,2004-01-02
327,2004-01-03
315,2004-01-04
394,2004-01-05
357,2004-01-06
395,2004-01-07
385,2004-01-08
373,2004-01-09
372,2004-01-10
301,2004-01-11
391,2004-01-12
424,2004-01-13
420,2004-01-14
416,2004-01-15
426,2004-01-16
368,2004-01-17
330,2004-01-18
388,2004-01-19
378,2004-01-20
436,2004-01-21
398,2004-01-22
458,2004-01-23
425,2004-01-24
380,2004-01-25
370,2004-01-26
392,2004-01-27
422,2004-01-28
427,2004-01-29
434,2004-01-30
368,2004-01-31
338,2004-02-01
335,2004-02-02
432,2004-02-03
380,2004-02-04
371,2004-02-05
448,2004-02-06
370,2004-02-07
297,2004-02-08
394,2004-02-09
393,2004-02-10
406,2004-02-11
438,2004-02-12
397,2004-02-13
352,2004-02-14
378,2004-02-15
296,2004-02-16
366,2004-02-17
375,2004-02-18
402,2004-02-19
413,2004-02-20
331,2004-02-21
323,2004-02-22
464,2004-02-23
387,2004-02-24
345,2004-02-25
356,2004-02-26
418,2004-02-27
361,2004-02-28
362,2004-02-29
409,2004-03-01
445,2004-03-02
438,2004-03-03
415,2004-03-04
450,2004-03-05
364,2004-03-06
316,2004-03-07
348,2004-03-08
445,2004-03-09
449,2004-03-10
433,2004-03-11
429,2004-03-12
335,2004-03-13
263,2004-03-14
309,2004-03-15
458,2004-03-16
396,2004-03-17
362,2004-03-18
381,2004-03-19
366,2004-03-20
330,2004-03-21
351,2004-03-22
427,2004-03-23
417,2004-03-24
360,2004-03-25
377,2004-03-26
366,2004-03-27
369,2004-03-28
356,2004-03-29
405,2004-03-30
390,2004-03-31
512,2004-04-01
461,2004-04-02
357,2004-04-03
360,2004-04-04
371,2004-04-05
368,2004-04-06
384,2004-04-07
391,2004-04-08
397,2004-04-09
334,2004-04-10
301,2004-04-11
367,2004-04-12
343,2004-04-13
385,2004-04-14
372,2004-04-15
417,2004-04-16
458,2004-04-17
367,2004-04-18
383,2004-04-19
363,2004-04-20
340,2004-04-21
328,2004-04-22
471,2004-04-23
459,2004-04-24
390,2004-04-25
362,2004-04-26
422,2004-04-27
383,2004-04-28
396,2004-04-29
386,2004-04-30
439,2004-05-01
334,2004-05-02
361,2004-05-03
396,2004-05-04
391,2004-05-05
405,2004-05-06
429,2004-05-07
372,2004-05-08
343,2004-05-09
340,2004-05-10
429,2004-05-11
417,2004-05-12
386,2004-05-13
396,2004-05-14
378,2004-05-15
348,2004-05-16
357,2004-05-17
450,2004-05-18
435,2004-05-19
403,2004-05-20
426,2004-05-21
425,2004-05-22
354,2004-05-23
382,2004-05-24
408,2004-05-25
448,2004-05-26
389,2004-05-27
435,2004-05-28
338,2004-05-29
380,2004-05-30
368,2004-05-31
418,2004-06-01
448,2004-06-02
365,2004-06-03
405,2004-06-04
359,2004-06-05
266,2004-06-06
311,2004-06-07
439,2004-06-08
374,2004-06-09
401,2004-06-10
333,2004-06-11
377,2004-06-12
309,2004-06-13
402,2004-06-14
384,2004-06-15
325,2004-06-16
323,2004-06-17
418,2004-06-18
420,2004-06-19
343,2004-06-20
332,2004-06-21
337,2004-06-22
373,2004-06-23
389,2004-06-24
419,2004-06-25
320,2004-06-26
376,2004-06-27
388,2004-06-28
388,2004-06-29
342,2004-06-30
414,2004-07-01
387,2004-07-02
364,2004-07-03
379,2004-07-04
336,2004-07-05
387,2004-07-06
390,2004-07-07
420,2004-07-08
365,2004-07-09
371,2004-07-10
296,2004-07-11
342,2004-07-12
418,2004-07-13
384,2004-07-14
349,2004-07-15
400,2004-07-16
330,2004-07-17
347,2004-07-18
398,2004-07-19
318,2004-07-20
371,2004-07-21
366,2004-07-22
411,2004-07-23
385,2004-07-24
332,2004-07-25
352,2004-07-26
375,2004-07-27
363,2004-07-28
344,2004-07-29
375,2004-07-30
289,2004-07-31
373,2004-08-01
370,2004-08-02
421,2004-08-03
378,2004-08-04
357,2004-08-05
383,2004-08-06
362,2004-08-07
271,2004-08-08
335,2004-08-09
407,2004-08-10
372,2004-08-11
374,2004-08-12
369,2004-08-13
324,2004-08-14
317,2004-08-15
389,2004-08-16
345,2004-08-17
435,2004-08-18
413,2004-08-19
388,2004-08-20
354,2004-08-21
325,2004-08-22
364,2004-08-23
369,2004-08-24
360,2004-08-25
398,2004-08-26
375,2004-08-27
393,2004-08-28
332,2004-08-29
315,2004-08-30
341,2004-08-31
470,2004-09-01
327,2004-09-02
363,2004-09-03
342,2004-09-04
294,2004-09-05
269,2004-09-06
351,2004-09-07
354,2004-09-08
379,2004-09-09
357,2004-09-10
325,2004-09-11
337,2004-09-12
329,2004-09-13
362,2004-09-14
398,2004-09-15
392,2004-09-16
399,2004-09-17
328,2004-09-18
256,2004-09-19
318,2004-09-20
338,2004-09-21
332,2004-09-22
437,2004-09-23
402,2004-09-24
412,2004-09-25
313,2004-09-26
366,2004-09-27
365,2004-09-28
397,2004-09-29
338,2004-09-30
411,2004-10-01
279,2004-10-02
300,2004-10-03
369,2004-10-04
278,2004-10-05
437,2004-10-06
346,2004-10-07
401,2004-10-08
338,2004-10-09
322,2004-10-10
326,2004-10-11
366,2004-10-12
393,2004-10-13
367,2004-10-14
398,2004-10-15
340,2004-10-16
281,2004-10-17
338,2004-10-18
363,2004-10-19
381,2004-10-20
373,2004-10-21
396,2004-10-22
334,2004-10-23
336,2004-10-24
321,2004-10-25
330,2004-10-26
365,2004-10-27
377,2004-10-28
428,2004-10-29
327,2004-10-30
389,2004-10-31
392,2004-11-01
380,2004-11-02
317,2004-11-03
291,2004-11-04
374,2004-11-05
337,2004-11-06
319,2004-11-07
339,2004-11-08
273,2004-11-09
326,2004-11-10
343,2004-11-11
391,2004-11-12
341,2004-11-13
310,2004-11-14
324,2004-11-15
355,2004-11-16
301,2004-11-17
312,2004-11-18
376,2004-11-19
317,2004-11-20
305,2004-11-21
340,2004-11-22
342,2004-11-23
331,2004-11-24
241,2004-11-25
347,2004-11-26
305,2004-11-27
262,2004-11-28
369,2004-11-29
326,2004-11-30
437,2004-12-01
365,2004-12-02
354,2004-12-03
346,2004-12-04
298,2004-12-05
296,2004-12-06
334,2004-12-07
309,2004-12-08
339,2004-12-09
399,2004-12-10
317,2004-12-11
295,2004-12-12
356,2004-12-13
399,2004-12-14
445,2004-12-15
360,2004-12-16
385,2004-12-17
316,2004-12-18
318,2004-12-19
356,2004-12-20
344,2004-12-21
366,2004-12-22
372,2004-12-23
304,2004-12-24
197,2004-12-25
250,2004-12-26
232,2004-12-27
339,2004-12-28
347,2004-12-29
298,2004-12-30
343,2004-12-31
472,2005-01-01
274,2005-01-02
279,2005-01-03
351,2005-01-04
362,2005-01-05
374,2005-01-06
336,2005-01-07
308,2005-01-08
337,2005-01-09
326,2005-01-10
435,2005-01-11
397,2005-01-12
378,2005-01-13
399,2005-01-14
385,2005-01-15
331,2005-01-16
315,2005-01-17
387,2005-01-18
415,2005-01-19
363,2005-01-20
418,2005-01-21
353,2005-01-22
328,2005-01-23
325,2005-01-24
347,2005-01-25
364,2005-01-26
389,2005-01-27
392,2005-01-28
326,2005-01-29
331,2005-01-30
358,2005-01-31
493,2005-02-01
382,2005-02-02
373,2005-02-03
435,2005-02-04
334,2005-02-05
277,2005-02-06
302,2005-02-07
385,2005-02-08
366,2005-02-09
329,2005-02-10
382,2005-02-11
319,2005-02-12
292,2005-02-13
311,2005-02-14
318,2005-02-15
403,2005-02-16
378,2005-02-17
340,2005-02-18
249,2005-02-19
300,2005-02-20
293,2005-02-21
355,2005-02-22
366,2005-02-23
364,2005-02-24
396,2005-02-25
328,2005-02-26
252,2005-02-27
324,2005-02-28
391,2005-03-01
397,2005-03-02
412,2005-03-03
341,2005-03-04
383,2005-03-05
287,2005-03-06
318,2005-03-07
346,2005-03-08
389,2005-03-09
386,2005-03-10
334,2005-03-11
358,2005-03-12
328,2005-03-13
285,2005-03-14
387,2005-03-15
365,2005-03-16
377,2005-03-17
365,2005-03-18
329,2005-03-19
324,2005-03-20
360,2005-03-21
345,2005-03-22
392,2005-03-23
365,2005-03-24
365,2005-03-25
343,2005-03-26
278,2005-03-27
342,2005-03-28
377,2005-03-29
392,2005-03-30
320,2005-03-31
398,2005-04-01
332,2005-04-02
289,2005-04-03
368,2005-04-04
385,2005-04-05
417,2005-04-06
371,2005-04-07
350,2005-04-08
358,2005-04-09
274,2005-04-10
386,2005-04-11
382,2005-04-12
405,2005-04-13
375,2005-04-14
394,2005-04-15
306,2005-04-16
281,2005-04-17
351,2005-04-18
316,2005-04-19
354,2005-04-20
386,2005-04-21
405,2005-04-22
350,2005-04-23
327,2005-04-24
375,2005-04-25
361,2005-04-26
380,2005-04-27
399,2005-04-28
369,2005-04-29
333,2005-04-30
350,2005-05-01
344,2005-05-02
317,2005-05-03
354,2005-05-04
364,2005-05-05
374,2005-05-06
372,2005-05-07
355,2005-05-08
292,2005-05-09
353,2005-05-10
391,2005-05-11
373,2005-05-12
383,2005-05-13
339,2005-05-14
325,2005-05-15
378,2005-05-16
343,2005-05-17
353,2005-05-18
403,2005-05-19
398,2005-05-20
386,2005-05-21
301,2005-05-22
307,2005-05-23
325,2005-05-24
409,2005-05-25
322,2005-05-26
411,2005-05-27
339,2005-05-28
339,2005-05-29
367,2005-05-30
346,2005-05-31
452,2005-06-01
343,2005-06-02
372,2005-06-03
320,2005-06-04
274,2005-06-05
284,2005-06-06
338,2005-06-07
322,2005-06-08
336,2005-06-09
412,2005-06-10
317,2005-06-11
327,2005-06-12
306,2005-06-13
340,2005-06-14
323,2005-06-15
307,2005-06-16
384,2005-06-17
372,2005-06-18
305,2005-06-19
354,2005-06-20
325,2005-06-21
363,2005-06-22
399,2005-06-23
387,2005-06-24
366,2005-06-25
410,2005-06-26
347,2005-06-27
424,2005-06-28
319,2005-06-29
343,2005-06-30
466,2005-07-01
320,2005-07-02
273,2005-07-03
328,2005-07-04
402,2005-07-05
330,2005-07-06
341,2005-07-07
368,2005-07-08
340,2005-07-09
332,2005-07-10
321,2005-07-11
338,2005-07-12
373,2005-07-13
381,2005-07-14
379,2005-07-15
330,2005-07-16
282,2005-07-17
323,2005-07-18
336,2005-07-19
340,2005-07-20
347,2005-07-21
422,2005-07-22
362,2005-07-23
284,2005-07-24
324,2005-07-25
344,2005-07-26
382,2005-07-27
346,2005-07-28
332,2005-07-29
360,2005-07-30
320,2005-07-31
426,2005-08-01
320,2005-08-02
374,2005-08-03
360,2005-08-04
418,2005-08-05
346,2005-08-06
333,2005-08-07
325,2005-08-08
362,2005-08-09
388,2005-08-10
340,2005-08-11
367,2005-08-12
332,2005-08-13
284,2005-08-14
340,2005-08-15
312,2005-08-16
346,2005-08-17
344,2005-08-18
367,2005-08-19
341,2005-08-20
316,2005-08-21
354,2005-08-22
372,2005-08-23
349,2005-08-24
328,2005-08-25
408,2005-08-26
352,2005-08-27
277,2005-08-28
345,2005-08-29
353,2005-08-30
388,2005-08-31
383,2005-09-01
403,2005-09-02
328,2005-09-03
264,2005-09-04
301,2005-09-05
293,2005-09-06
358,2005-09-07
386,2005-09-08
379,2005-09-09
331,2005-09-10
277,2005-09-11
333,2005-09-12
343,2005-09-13
341,2005-09-14
361,2005-09-15
411,2005-09-16
337,2005-09-17
310,2005-09-18
357,2005-09-19
345,2005-09-20
401,2005-09-21
380,2005-09-22
410,2005-09-23
304,2005-09-24
380,2005-09-25
322,2005-09-26
391,2005-09-27
366,2005-09-28
361,2005-09-29
397,2005-09-30
426,2005-10-01
355,2005-10-02
391,2005-10-03
397,2005-10-04
393,2005-10-05
391,2005-10-06
424,2005-10-07
362,2005-10-08
351,2005-10-09
291,2005-10-10
349,2005-10-11
389,2005-10-12
369,2005-10-13
391,2005-10-14
344,2005-10-15
312,2005-10-16
393,2005-10-17
371,2005-10-18
389,2005-10-19
405,2005-10-20
393,2005-10-21
332,2005-10-22
290,2005-10-23
415,2005-10-24
379,2005-10-25
357,2005-10-26
349,2005-10-27
396,2005-10-28
307,2005-10-29
336,2005-10-30
424,2005-10-31
407,2005-11-01
387,2005-11-02
405,2005-11-03
408,2005-11-04
330,2005-11-05
308,2005-11-06
291,2005-11-07
310,2005-11-08
392,2005-11-09
377,2005-11-10
380,2005-11-11
356,2005-11-12
318,2005-11-13
345,2005-11-14
373,2005-11-15
386,2005-11-16
372,2005-11-17
384,2005-11-18
338,2005-11-19
336,2005-11-20
338,2005-11-21
361,2005-11-22
359,2005-11-23
284,2005-11-24
312,2005-11-25
369,2005-11-26
260,2005-11-27
296,2005-11-28
319,2005-11-29
412,2005-11-30
384,2005-12-01
333,2005-12-02
286,2005-12-03
282,2005-12-04
323,2005-12-05
289,2005-12-06
317,2005-12-07
330,2005-12-08
349,2005-12-09
354,2005-12-10
255,2005-12-11
327,2005-12-12
305,2005-12-13
354,2005-12-14
363,2005-12-15
404,2005-12-16
283,2005-12-17
283,2005-12-18
282,2005-12-19
314,2005-12-20
313,2005-12-21
322,2005-12-22
367,2005-12-23
327,2005-12-24
195,2005-12-25
259,2005-12-26
343,2005-12-27
353,2005-12-28
370,2005-12-29
346,2005-12-30
346,2005-12-31
529,2006-01-01
235,2006-01-02
329,2006-01-03
342,2006-01-04
379,2006-01-05
412,2006-01-06
356,2006-01-07
315,2006-01-08
335,2006-01-09
335,2006-01-10
376,2006-01-11
354,2006-01-12
376,2006-01-13
285,2006-01-14
320,2006-01-15
249,2006-01-16
335,2006-01-17
345,2006-01-18
375,2006-01-19
382,2006-01-20
353,2006-01-21
324,2006-01-22
385,2006-01-23
324,2006-01-24
384,2006-01-25
350,2006-01-26
342,2006-01-27
262,2006-01-28
316,2006-01-29
309,2006-01-30
340,2006-01-31
384,2006-02-01
335,2006-02-02
409,2006-02-03
360,2006-02-04
297,2006-02-05
342,2006-02-06
346,2006-02-07
431,2006-02-08
330,2006-02-09
388,2006-02-10
326,2006-02-11
341,2006-02-12
333,2006-02-13
375,2006-02-14
328,2006-02-15
311,2006-02-16
361,2006-02-17
310,2006-02-18
309,2006-02-19
365,2006-02-20
344,2006-02-21
364,2006-02-22
353,2006-02-23
403,2006-02-24
351,2006-02-25
313,2006-02-26
297,2006-02-27
304,2006-02-28
391,2006-03-01
299,2006-03-02
333,2006-03-03
323,2006-03-04
248,2006-03-05
346,2006-03-06
301,2006-03-07
420,2006-03-08
401,2006-03-09
357,2006-03-10
302,2006-03-11
261,2006-03-12
324,2006-03-13
314,2006-03-14
370,2006-03-15
358,2006-03-16
410,2006-03-17
328,2006-03-18
328,2006-03-19
318,2006-03-20
398,2006-03-21
375,2006-03-22
366,2006-03-23
388,2006-03-24
356,2006-03-25
327,2006-03-26
297,2006-03-27
316,2006-03-28
334,2006-03-29
317,2006-03-30
330,2006-03-31
373,2006-04-01
330,2006-04-02
339,2006-04-03
373,2006-04-04
393,2006-04-05
376,2006-04-06
387,2006-04-07
342,2006-04-08
318,2006-04-09
322,2006-04-10
322,2006-04-11
318,2006-04-12
323,2006-04-13
335,2006-04-14
371,2006-04-15
272,2006-04-16
321,2006-04-17
379,2006-04-18
384,2006-04-19
368,2006-04-20
368,2006-04-21
358,2006-04-22
344,2006-04-23
314,2006-04-24
433,2006-04-25
367,2006-04-26
370,2006-04-27
365,2006-04-28
334,2006-04-29
299,2006-04-30
375,2006-05-01
299,2006-05-02
329,2006-05-03
276,2006-05-04
305,2006-05-05
307,2006-05-06
281,2006-05-07
307,2006-05-08
312,2006-05-09
383,2006-05-10
313,2006-05-11
366,2006-05-12
319,2006-05-13
318,2006-05-14
366,2006-05-15
351,2006-05-16
314,2006-05-17
321,2006-05-18
384,2006-05-19
372,2006-05-20
317,2006-05-21
350,2006-05-22
310,2006-05-23
354,2006-05-24
387,2006-05-25
390,2006-05-26
323,2006-05-27
324,2006-05-28
343,2006-05-29
311,2006-05-30
309,2006-05-31
430,2006-06-01
349,2006-06-02
322,2006-06-03
364,2006-06-04
324,2006-06-05
371,2006-06-06
394,2006-06-07
316,2006-06-08
367,2006-06-09
356,2006-06-10
305,2006-06-11
321,2006-06-12
364,2006-06-13
391,2006-06-14
367,2006-06-15
394,2006-06-16
392,2006-06-17
329,2006-06-18
320,2006-06-19
369,2006-06-20
315,2006-06-21
318,2006-06-22
345,2006-06-23
324,2006-06-24
307,2006-06-25
351,2006-06-26
367,2006-06-27
350,2006-06-28
350,2006-06-29
368,2006-06-30
457,2006-07-01
314,2006-07-02
289,2006-07-03
316,2006-07-04
339,2006-07-05
305,2006-07-06
383,2006-07-07
314,2006-07-08
272,2006-07-09
331,2006-07-10
327,2006-07-11
343,2006-07-12
371,2006-07-13
371,2006-07-14
338,2006-07-15
343,2006-07-16
307,2006-07-17
334,2006-07-18
356,2006-07-19
338,2006-07-20
357,2006-07-21
341,2006-07-22
282,2006-07-23
320,2006-07-24
361,2006-07-25
375,2006-07-26
340,2006-07-27
389,2006-07-28
354,2006-07-29
319,2006-07-30
366,2006-07-31
429,2006-08-01
299,2006-08-02
408,2006-08-03
428,2006-08-04
320,2006-08-05
354,2006-08-06
344,2006-08-07
407,2006-08-08
394,2006-08-09
362,2006-08-10
402,2006-08-11
325,2006-08-12
342,2006-08-13
374,2006-08-14
419,2006-08-15
447,2006-08-16
435,2006-08-17
382,2006-08-18
350,2006-08-19
341,2006-08-20
342,2006-08-21
357,2006-08-22
402,2006-08-23
368,2006-08-24
370,2006-08-25
347,2006-08-26
293,2006-08-27
336,2006-08-28
324,2006-08-29
397,2006-08-30
331,2006-08-31
426,2006-09-01
337,2006-09-02
272,2006-09-03
338,2006-09-04
316,2006-09-05
325,2006-09-06
331,2006-09-07
364,2006-09-08
350,2006-09-09
335,2006-09-10
367,2006-09-11
359,2006-09-12
372,2006-09-13
359,2006-09-14
357,2006-09-15
346,2006-09-16
322,2006-09-17
303,2006-09-18
362,2006-09-19
378,2006-09-20
384,2006-09-21
379,2006-09-22
338,2006-09-23
286,2006-09-24
290,2006-09-25
314,2006-09-26
319,2006-09-27
324,2006-09-28
392,2006-09-29
313,2006-09-30
380,2006-10-01
414,2006-10-02
349,2006-10-03
306,2006-10-04
325,2006-10-05
444,2006-10-06
337,2006-10-07
292,2006-10-08
293,2006-10-09
335,2006-10-10
361,2006-10-11
366,2006-10-12
359,2006-10-13
317,2006-10-14
302,2006-10-15
369,2006-10-16
358,2006-10-17
325,2006-10-18
330,2006-10-19
387,2006-10-20
309,2006-10-21
289,2006-10-22
310,2006-10-23
352,2006-10-24
378,2006-10-25
316,2006-10-26
350,2006-10-27
336,2006-10-28
275,2006-10-29
398,2006-10-30
387,2006-10-31
407,2006-11-01
255,2006-11-02
309,2006-11-03
361,2006-11-04
303,2006-11-05
355,2006-11-06
326,2006-11-07
404,2006-11-08
338,2006-11-09
340,2006-11-10
322,2006-11-11
260,2006-11-12
353,2006-11-13
308,2006-11-14
329,2006-11-15
335,2006-11-16
391,2006-11-17
341,2006-11-18
302,2006-11-19
338,2006-11-20
339,2006-11-21
333,2006-11-22
221,2006-11-23
287,2006-11-24
302,2006-11-25
270,2006-11-26
316,2006-11-27
336,2006-11-28
339,2006-11-29
336,2006-11-30
416,2006-12-01
290,2006-12-02
343,2006-12-03
292,2006-12-04
367,2006-12-05
354,2006-12-06
320,2006-12-07
322,2006-12-08
317,2006-12-09
274,2006-12-10
292,2006-12-11
286,2006-12-12
335,2006-12-13
318,2006-12-14
394,2006-12-15
314,2006-12-16
304,2006-12-17
319,2006-12-18
321,2006-12-19
350,2006-12-20
291,2006-12-21
258,2006-12-22
316,2006-12-23
255,2006-12-24
216,2006-12-25
279,2006-12-26
270,2006-12-27
267,2006-12-28
283,2006-12-29
304,2006-12-30
321,2006-12-31
474,2007-01-01
327,2007-01-02
297,2007-01-03
333,2007-01-04
337,2007-01-05
351,2007-01-06
365,2007-01-07
308,2007-01-08
378,2007-01-09
393,2007-01-10
321,2007-01-11
372,2007-01-12
338,2007-01-13
274,2007-01-14
355,2007-01-15
319,2007-01-16
366,2007-01-17
351,2007-01-18
362,2007-01-19
279,2007-01-20
312,2007-01-21
336,2007-01-22
344,2007-01-23
285,2007-01-24
331,2007-01-25
324,2007-01-26
308,2007-01-27
315,2007-01-28
335,2007-01-29
339,2007-01-30
365,2007-01-31
432,2007-02-01
356,2007-02-02
357,2007-02-03
313,2007-02-04
349,2007-02-05
379,2007-02-06
389,2007-02-07
341,2007-02-08
338,2007-02-09
290,2007-02-10
311,2007-02-11
387,2007-02-12
368,2007-02-13
381,2007-02-14
386,2007-02-15
407,2007-02-16
335,2007-02-17
301,2007-02-18
331,2007-02-19
372,2007-02-20
363,2007-02-21
254,2007-02-22
354,2007-02-23
274,2007-02-24
258,2007-02-25
312,2007-02-26
299,2007-02-27
318,2007-02-28
445,2007-03-01
353,2007-03-02
353,2007-03-03
346,2007-03-04
354,2007-03-05
356,2007-03-06
367,2007-03-07
339,2007-03-08
327,2007-03-09
355,2007-03-10
296,2007-03-11
368,2007-03-12
362,2007-03-13
355,2007-03-14
382,2007-03-15
349,2007-03-16
332,2007-03-17
323,2007-03-18
340,2007-03-19
322,2007-03-20
333,2007-03-21
312,2007-03-22
330,2007-03-23
311,2007-03-24
367,2007-03-25
358,2007-03-26
349,2007-03-27
364,2007-03-28
356,2007-03-29
353,2007-03-30
327,2007-03-31
402,2007-04-01
294,2007-04-02
357,2007-04-03
319,2007-04-04
262,2007-04-05
269,2007-04-06
351,2007-04-07
258,2007-04-08
365,2007-04-09
364,2007-04-10
355,2007-04-11
331,2007-04-12
316,2007-04-13
330,2007-04-14
321,2007-04-15
330,2007-04-16
319,2007-04-17
367,2007-04-18
379,2007-04-19
364,2007-04-20
305,2007-04-21
335,2007-04-22
342,2007-04-23
361,2007-04-24
321,2007-04-25
343,2007-04-26
366,2007-04-27
327,2007-04-28
304,2007-04-29
292,2007-04-30
354,2007-05-01
335,2007-05-02
287,2007-05-03
338,2007-05-04
344,2007-05-05
376,2007-05-06
340,2007-05-07
359,2007-05-08
344,2007-05-09
330,2007-05-10
371,2007-05-11
299,2007-05-12
294,2007-05-13
318,2007-05-14
348,2007-05-15
351,2007-05-16
306,2007-05-17
348,2007-05-18
303,2007-05-19
306,2007-05-20
328,2007-05-21
368,2007-05-22
279,2007-05-23
310,2007-05-24
366,2007-05-25
339,2007-05-26
295,2007-05-27
314,2007-05-28
366,2007-05-29
327,2007-05-30
290,2007-05-31
415,2007-06-01
285,2007-06-02
292,2007-06-03
306,2007-06-04
325,2007-06-05
330,2007-06-06
292,2007-06-07
339,2007-06-08
309,2007-06-09
301,2007-06-10
358,2007-06-11
418,2007-06-12
327,2007-06-13
315,2007-06-14
414,2007-06-15
352,2007-06-16
288,2007-06-17
299,2007-06-18
315,2007-06-19
345,2007-06-20
315,2007-06-21
366,2007-06-22
370,2007-06-23
347,2007-06-24
319,2007-06-25
303,2007-06-26
302,2007-06-27
337,2007-06-28
340,2007-06-29
331,2007-06-30
343,2007-07-01
317,2007-07-02
323,2007-07-03
309,2007-07-04
312,2007-07-05
329,2007-07-06
332,2007-07-07
349,2007-07-08
339,2007-07-09
349,2007-07-10
359,2007-07-11
348,2007-07-12
344,2007-07-13
367,2007-07-14
360,2007-07-15
349,2007-07-16
388,2007-07-17
349,2007-07-18
376,2007-07-19
382,2007-07-20
348,2007-07-21
264,2007-07-22
323,2007-07-23
361,2007-07-24
384,2007-07-25
370,2007-07-26
377,2007-07-27
348,2007-07-28
345,2007-07-29
308,2007-07-30
313,2007-07-31
350,2007-08-01
319,2007-08-02
332,2007-08-03
319,2007-08-04
283,2007-08-05
304,2007-08-06
312,2007-08-07
313,2007-08-08
358,2007-08-09
351,2007-08-10
372,2007-08-11
348,2007-08-12
371,2007-08-13
354,2007-08-14
354,2007-08-15
312,2007-08-16
389,2007-08-17
319,2007-08-18
346,2007-08-19
381,2007-08-20
383,2007-08-21
359,2007-08-22
351,2007-08-23
349,2007-08-24
373,2007-08-25
313,2007-08-26
353,2007-08-27
350,2007-08-28
388,2007-08-29
330,2007-08-30
324,2007-08-31
369,2007-09-01
292,2007-09-02
287,2007-09-03
359,2007-09-04
364,2007-09-05
379,2007-09-06
411,2007-09-07
359,2007-09-08
403,2007-09-09
336,2007-09-10
349,2007-09-11
366,2007-09-12
412,2007-09-13
376,2007-09-14
436,2007-09-15
351,2007-09-16
394,2007-09-17
343,2007-09-18
314,2007-09-19
366,2007-09-20
395,2007-09-21
340,2007-09-22
354,2007-09-23
368,2007-09-24
358,2007-09-25
405,2007-09-26
400,2007-09-27
407,2007-09-28
376,2007-09-29
324,2007-09-30
415,2007-10-01
360,2007-10-02
373,2007-10-03
336,2007-10-04
317,2007-10-05
339,2007-10-06
383,2007-10-07
345,2007-10-08
353,2007-10-09
332,2007-10-10
370,2007-10-11
326,2007-10-12
342,2007-10-13
354,2007-10-14
390,2007-10-15
326,2007-10-16
355,2007-10-17
379,2007-10-18
353,2007-10-19
371,2007-10-20
365,2007-10-21
336,2007-10-22
388,2007-10-23
369,2007-10-24
381,2007-10-25
401,2007-10-26
338,2007-10-27
354,2007-10-28
358,2007-10-29
362,2007-10-30
372,2007-10-31
424,2007-11-01
360,2007-11-02
398,2007-11-03
359,2007-11-04
344,2007-11-05
384,2007-11-06
334,2007-11-07
381,2007-11-08
392,2007-11-09
351,2007-11-10
309,2007-11-11
315,2007-11-12
331,2007-11-13
361,2007-11-14
390,2007-11-15
333,2007-11-16
365,2007-11-17
367,2007-11-18
377,2007-11-19
322,2007-11-20
353,2007-11-21
283,2007-11-22
295,2007-11-23
420,2007-11-24
345,2007-11-25
344,2007-11-26
356,2007-11-27
318,2007-11-28
354,2007-11-29
356,2007-11-30
402,2007-12-01
335,2007-12-02
348,2007-12-03
303,2007-12-04
347,2007-12-05
318,2007-12-06
386,2007-12-07
333,2007-12-08
280,2007-12-09
355,2007-12-10
400,2007-12-11
378,2007-12-12
345,2007-12-13
350,2007-12-14
314,2007-12-15
2,2007-12-16
378,2007-12-17
325,2007-12-18
379,2007-12-19
396,2007-12-20
335,2007-12-21
301,2007-12-22
303,2007-12-23
274,2007-12-24
185,2007-12-25
281,2007-12-26
284,2007-12-27
343,2007-12-28
300,2007-12-29
310,2007-12-30
320,2007-12-31
485,2008-01-01
360,2008-01-02
341,2008-01-03
321,2008-01-04
311,2008-01-05
337,2008-01-06
357,2008-01-07
346,2008-01-08
373,2008-01-09
322,2008-01-10
344,2008-01-11
382,2008-01-12
350,2008-01-13
400,2008-01-14
368,2008-01-15
391,2008-01-16
337,2008-01-17
430,2008-01-18
339,2008-01-19
353,2008-01-20
352,2008-01-21
373,2008-01-22
351,2008-01-23
306,2008-01-24
304,2008-01-25
297,2008-01-26
298,2008-01-27
347,2008-01-28
409,2008-01-29
319,2008-01-30
324,2008-01-31
383,2008-02-01
284,2008-02-02
269,2008-02-03
342,2008-02-04
334,2008-02-05
332,2008-02-06
348,2008-02-07
362,2008-02-08
372,2008-02-09
342,2008-02-10
376,2008-02-11
319,2008-02-12
331,2008-02-13
308,2008-02-14
404,2008-02-15
346,2008-02-16
315,2008-02-17
351,2008-02-18
290,2008-02-19
364,2008-02-20
347,2008-02-21
365,2008-02-22
336,2008-02-23
343,2008-02-24
399,2008-02-25
363,2008-02-26
388,2008-02-27
366,2008-02-28
340,2008-02-29
467,2008-03-01
353,2008-03-02
366,2008-03-03
361,2008-03-04
390,2008-03-05
392,2008-03-06
393,2008-03-07
425,2008-03-08
344,2008-03-09
422,2008-03-10
367,2008-03-11
385,2008-03-12
384,2008-03-13
351,2008-03-14
360,2008-03-15
337,2008-03-16
414,2008-03-17
378,2008-03-18
366,2008-03-19
324,2008-03-20
308,2008-03-21
340,2008-03-22
332,2008-03-23
313,2008-03-24
391,2008-03-25
431,2008-03-26
341,2008-03-27
359,2008-03-28
362,2008-03-29
296,2008-03-30
312,2008-03-31
421,2008-04-01
280,2008-04-02
289,2008-04-03
358,2008-04-04
378,2008-04-05
321,2008-04-06
365,2008-04-07
348,2008-04-08
320,2008-04-09
362,2008-04-10
380,2008-04-11
352,2008-04-12
322,2008-04-13
346,2008-04-14
334,2008-04-15
361,2008-04-16
306,2008-04-17
352,2008-04-18
381,2008-04-19
392,2008-04-20
338,2008-04-21
320,2008-04-22
330,2008-04-23
349,2008-04-24
375,2008-04-25
393,2008-04-26
288,2008-04-27
347,2008-04-28
339,2008-04-29
295,2008-04-30
447,2008-05-01
398,2008-05-02
401,2008-05-03
352,2008-05-04
346,2008-05-05
330,2008-05-06
339,2008-05-07
327,2008-05-08
346,2008-05-09
374,2008-05-10
313,2008-05-11
290,2008-05-12
298,2008-05-13
367,2008-05-14
297,2008-05-15
341,2008-05-16
364,2008-05-17
328,2008-05-18
332,2008-05-19
394,2008-05-20
287,2008-05-21
363,2008-05-22
356,2008-05-23
377,2008-05-24
351,2008-05-25
337,2008-05-26
344,2008-05-27
367,2008-05-28
338,2008-05-29
393,2008-05-30
359,2008-05-31
406,2008-06-01
336,2008-06-02
341,2008-06-03
351,2008-06-04
348,2008-06-05
371,2008-06-06
299,2008-06-07
346,2008-06-08
313,2008-06-09
297,2008-06-10
346,2008-06-11
333,2008-06-12
344,2008-06-13
334,2008-06-14
312,2008-06-15
218,2008-06-16
247,2008-06-17
250,2008-06-18
297,2008-06-19
348,2008-06-20
307,2008-06-21
299,2008-06-22
348,2008-06-23
357,2008-06-24
304,2008-06-25
360,2008-06-26
351,2008-06-27
361,2008-06-28
322,2008-06-29
313,2008-06-30
422,2008-07-01
357,2008-07-02
338,2008-07-03
374,2008-07-04
349,2008-07-05
281,2008-07-06
324,2008-07-07
381,2008-07-08
413,2008-07-09
421,2008-07-10
400,2008-07-11
403,2008-07-12
384,2008-07-13
323,2008-07-14
345,2008-07-15
358,2008-07-16
369,2008-07-17
432,2008-07-18
334,2008-07-19
313,2008-07-20
308,2008-07-21
356,2008-07-22
335,2008-07-23
347,2008-07-24
374,2008-07-25
353,2008-07-26
356,2008-07-27
336,2008-07-28
382,2008-07-29
404,2008-07-30
323,2008-07-31
7,2008-08-01
335,2008-08-02
307,2008-08-03
358,2008-08-04
345,2008-08-05
331,2008-08-06
293,2008-08-07
330,2008-08-08
351,2008-08-09
349,2008-08-10
336,2008-08-11
381,2008-08-12
364,2008-08-13
290,2008-08-14
354,2008-08-15
332,2008-08-16
308,2008-08-17
357,2008-08-18
295,2008-08-19
392,2008-08-20
336,2008-08-21
344,2008-08-22
384,2008-08-23
345,2008-08-24
407,2008-08-25
380,2008-08-26
373,2008-08-27
332,2008-08-28
371,2008-08-29
348,2008-08-30
362,2008-08-31
461,2008-09-01
345,2008-09-02
337,2008-09-03
324,2008-09-04
370,2008-09-05
429,2008-09-06
337,2008-09-07
364,2008-09-08
345,2008-09-09
373,2008-09-10
371,2008-09-11
390,2008-09-12
367,2008-09-13
342,2008-09-14
333,2008-09-15
321,2008-09-16
344,2008-09-17
370,2008-09-18
368,2008-09-19
357,2008-09-20
306,2008-09-21
337,2008-09-22
385,2008-09-23
441,2008-09-24
380,2008-09-25
375,2008-09-26
411,2008-09-27
409,2008-09-28
357,2008-09-29
422,2008-09-30
435,2008-10-01
348,2008-10-02
379,2008-10-03
447,2008-10-04
366,2008-10-05
348,2008-10-06
361,2008-10-07
464,2008-10-08
348,2008-10-09
414,2008-10-10
416,2008-10-11
370,2008-10-12
388,2008-10-13
384,2008-10-14
461,2008-10-15
381,2008-10-16
369,2008-10-17
401,2008-10-18
350,2008-10-19
304,2008-10-20
359,2008-10-21
357,2008-10-22
388,2008-10-23
415,2008-10-24
419,2008-10-25
320,2008-10-26
375,2008-10-27
382,2008-10-28
416,2008-10-29
353,2008-10-30
371,2008-10-31
430,2008-11-01
328,2008-11-02
337,2008-11-03
418,2008-11-04
325,2008-11-05
288,2008-11-06
361,2008-11-07
362,2008-11-08
366,2008-11-09
412,2008-11-10
367,2008-11-11
417,2008-11-12
436,2008-11-13
434,2008-11-14
410,2008-11-15
333,2008-11-16
383,2008-11-17
369,2008-11-18
385,2008-11-19
379,2008-11-20
423,2008-11-21
374,2008-11-22
348,2008-11-23
375,2008-11-24
381,2008-11-25
327,2008-11-26
236,2008-11-27
263,2008-11-28
373,2008-11-29
334,2008-11-30
394,2008-12-01
369,2008-12-02
346,2008-12-03
357,2008-12-04
357,2008-12-05
431,2008-12-06
325,2008-12-07
384,2008-12-08
344,2008-12-09
356,2008-12-10
320,2008-12-11
320,2008-12-12
335,2008-12-13
261,2008-12-14
327,2008-12-15
315,2008-12-16
314,2008-12-17
294,2008-12-18
323,2008-12-19
426,2008-12-20
310,2008-12-21
358,2008-12-22
268,2008-12-23
281,2008-12-24
174,2008-12-25
263,2008-12-26
349,2008-12-27
295,2008-12-28
350,2008-12-29
346,2008-12-30
323,2008-12-31
539,2009-01-01
302,2009-01-02
377,2009-01-03
322,2009-01-04
310,2009-01-05
390,2009-01-06
379,2009-01-07
336,2009-01-08
339,2009-01-09
364,2009-01-10
347,2009-01-11
322,2009-01-12
399,2009-01-13
348,2009-01-14
326,2009-01-15
390,2009-01-16
385,2009-01-17
326,2009-01-18
367,2009-01-19
340,2009-01-20
325,2009-01-21
346,2009-01-22
297,2009-01-23
373,2009-01-24
312,2009-01-25
339,2009-01-26
361,2009-01-27
344,2009-01-28
305,2009-01-29
349,2009-01-30
349,2009-01-31
380,2009-02-01
389,2009-02-02
344,2009-02-03
330,2009-02-04
321,2009-02-05
351,2009-02-06
292,2009-02-07
262,2009-02-08
375,2009-02-09
320,2009-02-10
324,2009-02-11
332,2009-02-12
357,2009-02-13
351,2009-02-14
290,2009-02-15
323,2009-02-16
307,2009-02-17
404,2009-02-18
374,2009-02-19
383,2009-02-20
404,2009-02-21
282,2009-02-22
351,2009-02-23
416,2009-02-24
385,2009-02-25
360,2009-02-26
387,2009-02-27
381,2009-02-28
406,2009-03-01
339,2009-03-02
387,2009-03-03
406,2009-03-04
374,2009-03-05
417,2009-03-06
369,2009-03-07
331,2009-03-08
356,2009-03-09
339,2009-03-10
372,2009-03-11
420,2009-03-12
395,2009-03-13
312,2009-03-14
330,2009-03-15
381,2009-03-16
385,2009-03-17
428,2009-03-18
353,2009-03-19
438,2009-03-20
358,2009-03-21
329,2009-03-22
361,2009-03-23
397,2009-03-24
382,2009-03-25
366,2009-03-26
342,2009-03-27
364,2009-03-28
418,2009-03-29
395,2009-03-30
367,2009-03-31
448,2009-04-01
354,2009-04-02
392,2009-04-03
412,2009-04-04
342,2009-04-05
385,2009-04-06
337,2009-04-07
425,2009-04-08
354,2009-04-09
328,2009-04-10
361,2009-04-11
334,2009-04-12
335,2009-04-13
398,2009-04-14
340,2009-04-15
361,2009-04-16
350,2009-04-17
383,2009-04-18
344,2009-04-19
402,2009-04-20
372,2009-04-21
418,2009-04-22
358,2009-04-23
390,2009-04-24
347,2009-04-25
339,2009-04-26
281,2009-04-27
403,2009-04-28
366,2009-04-29
388,2009-04-30
382,2009-05-01
322,2009-05-02
280,2009-05-03
352,2009-05-04
301,2009-05-05
395,2009-05-06
334,2009-05-07
394,2009-05-08
323,2009-05-09
278,2009-05-10
358,2009-05-11
366,2009-05-12
350,2009-05-13
359,2009-05-14
430,2009-05-15
315,2009-05-16
409,2009-05-17
344,2009-05-18
333,2009-05-19
336,2009-05-20
307,2009-05-21
276,2009-05-22
316,2009-05-23
296,2009-05-24
344,2009-05-25
301,2009-05-26
316,2009-05-27
307,2009-05-28
349,2009-05-29
335,2009-05-30
264,2009-05-31
406,2009-06-01
392,2009-06-02
358,2009-06-03
327,2009-06-04
339,2009-06-05
303,2009-06-06
309,2009-06-07
324,2009-06-08
358,2009-06-09
339,2009-06-11
343,2009-06-12
302,2009-06-13
280,2009-06-14
349,2009-06-15
318,2009-06-16
369,2009-06-17
327,2009-06-18
337,2009-06-19
322,2009-06-20
270,2009-06-21
307,2009-06-22
337,2009-06-23
294,2009-06-24
308,2009-06-25
297,2009-06-26
312,2009-06-27
344,2009-06-28
279,2009-06-29
313,2009-06-30
355,2009-07-01
278,2009-07-02
425,2009-07-03
318,2009-07-04
340,2009-07-05
306,2009-07-06
303,2009-07-07
306,2009-07-08
343,2009-07-09
294,2009-07-10
288,2009-07-11
308,2009-07-12
308,2009-07-13
353,2009-07-14
371,2009-07-15
328,2009-07-16
317,2009-07-17
377,2009-07-18
369,2009-07-19
332,2009-07-20
338,2009-07-21
358,2009-07-22
322,2009-07-23
351,2009-07-24
340,2009-07-25
330,2009-07-26
315,2009-07-27
382,2009-07-28
355,2009-07-29
339,2009-07-30
303,2009-07-31
421,2009-08-01
332,2009-08-02
309,2009-08-03
346,2009-08-04
419,2009-08-05
397,2009-08-06
417,2009-08-07
364,2009-08-08
305,2009-08-09
360,2009-08-10
352,2009-08-11
368,2009-08-12
378,2009-08-13
387,2009-08-14
446,2009-08-15
350,2009-08-16
321,2009-08-17
416,2009-08-18
386,2009-08-19
354,2009-08-20
430,2009-08-21
418,2009-08-22
372,2009-08-23
396,2009-08-24
441,2009-08-25
352,2009-08-26
364,2009-08-27
440,2009-08-28
431,2009-08-29
369,2009-08-30
402,2009-08-31
448,2009-09-01
372,2009-09-02
328,2009-09-03
381,2009-09-04
408,2009-09-05
349,2009-09-06
374,2009-09-07
392,2009-09-08
373,2009-09-09
379,2009-09-10
359,2009-09-11
357,2009-09-12
363,2009-09-13
362,2009-09-14
453,2009-09-15
372,2009-09-16
408,2009-09-17
401,2009-09-18
359,2009-09-19
390,2009-09-20
331,2009-09-21
383,2009-09-22
383,2009-09-23
361,2009-09-24
441,2009-09-25
384,2009-09-26
327,2009-09-27
312,2009-09-28
387,2009-09-29
340,2009-09-30
410,2009-10-01
378,2009-10-02
377,2009-10-03
325,2009-10-04
357,2009-10-05
343,2009-10-06
352,2009-10-07
330,2009-10-08
390,2009-10-09
333,2009-10-10
395,2009-10-11
322,2009-10-12
283,2009-10-13
358,2009-10-14
323,2009-10-15
369,2009-10-16
368,2009-10-17
290,2009-10-18
284,2009-10-19
325,2009-10-20
341,2009-10-21
331,2009-10-22
421,2009-10-23
350,2009-10-24
338,2009-10-25
353,2009-10-26
372,2009-10-27
335,2009-10-28
344,2009-10-29
367,2009-10-30
365,2009-10-31
450,2009-11-01
368,2009-11-02
378,2009-11-03
366,2009-11-04
337,2009-11-05
350,2009-11-06
375,2009-11-07
330,2009-11-08
300,2009-11-09
358,2009-11-10
391,2009-11-11
337,2009-11-12
356,2009-11-13
309,2009-11-14
327,2009-11-15
356,2009-11-16
330,2009-11-17
386,2009-11-18
366,2009-11-19
382,2009-11-20
382,2009-11-21
272,2009-11-22
358,2009-11-23
382,2009-11-24
358,2009-11-25
244,2009-11-26
269,2009-11-27
321,2009-11-28
308,2009-11-29
321,2009-11-30
360,2009-12-01
324,2009-12-02
315,2009-12-03
329,2009-12-04
325,2009-12-05
287,2009-12-06
305,2009-12-07
293,2009-12-08
308,2009-12-09
284,2009-12-10
294,2009-12-11
298,2009-12-12
240,2009-12-13
299,2009-12-14
377,2009-12-15
340,2009-12-16
382,2009-12-17
324,2009-12-18
320,2009-12-19
311,2009-12-20
307,2009-12-21
349,2009-12-22
379,2009-12-23
276,2009-12-24
195,2009-12-25
239,2009-12-26
318,2009-12-27
282,2009-12-28
329,2009-12-29
325,2009-12-30
301,2009-12-31
485,2010-01-01
334,2010-01-02
328,2010-01-03
293,2010-01-04
307,2010-01-05
336,2010-01-06
302,2010-01-07
318,2010-01-08
323,2010-01-09
319,2010-01-10
333,2010-01-11
342,2010-01-12
358,2010-01-13
365,2010-01-14
411,2010-01-15
361,2010-01-16
290,2010-01-17
288,2010-01-18
334,2010-01-19
322,2010-01-20
287,2010-01-21
357,2010-01-22
330,2010-01-23
325,2010-01-24
352,2010-01-25
313,2010-01-26
391,2010-01-27
315,2010-01-28
338,2010-01-29
285,2010-01-30
273,2010-01-31
376,2010-02-01
347,2010-02-02
373,2010-02-03
324,2010-02-04
367,2010-02-05
314,2010-02-06
286,2010-02-07
284,2010-02-08
335,2010-02-09
390,2010-02-10
334,2010-02-11
355,2010-02-12
376,2010-02-13
352,2010-02-14
318,2010-02-15
329,2010-02-16
437,2010-02-17
340,2010-02-18
312,2010-02-19
321,2010-02-20
257,2010-02-21
319,2010-02-22
251,2010-02-23
307,2010-02-24
335,2010-02-25
341,2010-02-26
297,2010-02-27
319,2010-02-28
369,2010-03-01
320,2010-03-02
295,2010-03-03
267,2010-03-04
356,2010-03-05
312,2010-03-06
324,2010-03-07
326,2010-03-08
326,2010-03-09
330,2010-03-10
315,2010-03-11
299,2010-03-12
346,2010-03-13
338,2010-03-14
338,2010-03-15
339,2010-03-16
384,2010-03-17
343,2010-03-18
341,2010-03-19
301,2010-03-20
300,2010-03-21
291,2010-03-22
325,2010-03-23
393,2010-03-24
336,2010-03-25
337,2010-03-26
301,2010-03-27
267,2010-03-28
322,2010-03-29
311,2010-03-30
339,2010-03-31
411,2010-04-01
331,2010-04-02
306,2010-04-03
203,2010-04-04
314,2010-04-05
317,2010-04-06
334,2010-04-07
347,2010-04-08
321,2010-04-09
328,2010-04-10
222,2010-04-11
316,2010-04-12
329,2010-04-13
312,2010-04-14
350,2010-04-15
362,2010-04-16
304,2010-04-17
244,2010-04-18
316,2010-04-19
312,2010-04-20
338,2010-04-21
296,2010-04-22
333,2010-04-23
330,2010-04-24
312,2010-04-25
318,2010-04-26
332,2010-04-27
343,2010-04-28
302,2010-04-29
309,2010-04-30
320,2010-05-01
280,2010-05-02
314,2010-05-03
345,2010-05-04
399,2010-05-05
329,2010-05-06
355,2010-05-07
362,2010-05-08
294,2010-05-09
305,2010-05-10
325,2010-05-11
355,2010-05-12
342,2010-05-13
368,2010-05-14
304,2010-05-15
353,2010-05-16
307,2010-05-17
327,2010-05-18
454,2010-05-19
340,2010-05-20
367,2010-05-21
361,2010-05-22
321,2010-05-23
345,2010-05-24
317,2010-05-25
354,2010-05-26
314,2010-05-27
363,2010-05-28
296,2010-05-29
312,2010-05-30
250,2010-05-31
401,2010-06-01
376,2010-06-02
289,2010-06-03
355,2010-06-04
312,2010-06-05
320,2010-06-06
303,2010-06-07
295,2010-06-08
306,2010-06-09
295,2010-06-10
327,2010-06-11
311,2010-06-12
290,2010-06-13
344,2010-06-14
333,2010-06-15
369,2010-06-16
336,2010-06-17
345,2010-06-18
322,2010-06-19
263,2010-06-20
259,2010-06-21
307,2010-06-22
327,2010-06-23
280,2010-06-24
357,2010-06-25
385,2010-06-26
344,2010-06-27
304,2010-06-28
314,2010-06-29
287,2010-06-30
328,2010-07-01
372,2010-07-02
332,2010-07-03
314,2010-07-04
263,2010-07-05
281,2010-07-06
337,2010-07-07
226,2010-07-08
295,2010-07-09
301,2010-07-10
275,2010-07-11
300,2010-07-12
318,2010-07-13
335,2010-07-14
363,2010-07-15
355,2010-07-16
355,2010-07-17
294,2010-07-18
287,2010-07-19
287,2010-07-20
332,2010-07-21
363,2010-07-22
333,2010-07-23
354,2010-07-24
313,2010-07-25
276,2010-07-26
309,2010-07-27
339,2010-07-28
284,2010-07-29
333,2010-07-30
312,2010-07-31
367,2010-08-01
297,2010-08-02
348,2010-08-03
337,2010-08-04
322,2010-08-05
349,2010-08-06
303,2010-08-07
303,2010-08-08
328,2010-08-09
304,2010-08-10
337,2010-08-11
329,2010-08-12
352,2010-08-13
334,2010-08-14
336,2010-08-15
312,2010-08-16
326,2010-08-17
320,2010-08-18
369,2010-08-19
365,2010-08-20
323,2010-08-21
300,2010-08-22
338,2010-08-23
402,2010-08-24
341,2010-08-25
371,2010-08-26
364,2010-08-27
312,2010-08-28
337,2010-08-29
308,2010-08-30
387,2010-08-31
430,2010-09-01
369,2010-09-02
379,2010-09-03
348,2010-09-04
308,2010-09-05
346,2010-09-06
317,2010-09-07
357,2010-09-08
349,2010-09-09
358,2010-09-10
319,2010-09-11
316,2010-09-12
327,2010-09-13
364,2010-09-14
318,2010-09-15
367,2010-09-16
336,2010-09-17
338,2010-09-18
310,2010-09-19
344,2010-09-20
362,2010-09-21
390,2010-09-22
337,2010-09-23
375,2010-09-24
355,2010-09-25
276,2010-09-26
369,2010-09-27
333,2010-09-28
431,2010-09-29
359,2010-09-30
489,2010-10-01
304,2010-10-02
311,2010-10-03
304,2010-10-04
368,2010-10-05
340,2010-10-06
357,2010-10-07
358,2010-10-08
351,2010-10-09
311,2010-10-10
285,2010-10-11
356,2010-10-12
348,2010-10-13
375,2010-10-14
368,2010-10-15
339,2010-10-16
295,2010-10-17
295,2010-10-18
363,2010-10-19
359,2010-10-20
335,2010-10-21
384,2010-10-22
350,2010-10-23
309,2010-10-24
324,2010-10-25
264,2010-10-26
408,2010-10-27
302,2010-10-28
298,2010-10-29
330,2010-10-30
358,2010-10-31
361,2010-11-01
333,2010-11-02
417,2010-11-03
346,2010-11-04
335,2010-11-05
326,2010-11-06
294,2010-11-07
330,2010-11-08
313,2010-11-09
377,2010-11-10
336,2010-11-11
292,2010-11-12
359,2010-11-13
303,2010-11-14
310,2010-11-15
313,2010-11-16
339,2010-11-17
309,2010-11-18
320,2010-11-19
310,2010-11-20
316,2010-11-21
300,2010-11-22
278,2010-11-23
377,2010-11-24
224,2010-11-25
320,2010-11-26
272,2010-11-27
312,2010-11-28
313,2010-11-29
313,2010-11-30
350,2010-12-01
332,2010-12-02
288,2010-12-03
296,2010-12-04
258,2010-12-05
291,2010-12-06
283,2010-12-07
269,2010-12-08
281,2010-12-09
314,2010-12-10
309,2010-12-11
324,2010-12-12
363,2010-12-13
245,2010-12-14
387,2010-12-15
370,2010-12-16
331,2010-12-17
348,2010-12-18
295,2010-12-19
362,2010-12-20
337,2010-12-21
347,2010-12-22
322,2010-12-23
272,2010-12-24
154,2010-12-25
267,2010-12-26
302,2010-12-27
282,2010-12-28
343,2010-12-29
285,2010-12-30
351,2010-12-31
551,2011-01-01
272,2011-01-02
316,2011-01-03
338,2011-01-04
365,2011-01-05
335,2011-01-06
342,2011-01-07
313,2011-01-08
304,2011-01-09
314,2011-01-10
338,2011-01-11
335,2011-01-12
330,2011-01-13
359,2011-01-14
393,2011-01-15
316,2011-01-16
277,2011-01-17
318,2011-01-18
355,2011-01-19
332,2011-01-20
386,2011-01-21
318,2011-01-22
298,2011-01-23
265,2011-01-24
334,2011-01-25
362,2011-01-26
353,2011-01-27
363,2011-01-28
300,2011-01-29
278,2011-01-30
294,2011-01-31
405,2011-02-01
317,2011-02-02
314,2011-02-03
324,2011-02-04
343,2011-02-05
307,2011-02-06
299,2011-02-07
341,2011-02-08
320,2011-02-09
316,2011-02-10
364,2011-02-11
354,2011-02-12
296,2011-02-13
260,2011-02-14
280,2011-02-15
333,2011-02-16
272,2011-02-17
293,2011-02-18
320,2011-02-19
303,2011-02-20
325,2011-02-21
324,2011-02-22
341,2011-02-23
278,2011-02-24
314,2011-02-25
361,2011-02-26
274,2011-02-27
339,2011-02-28
403,2011-03-01
340,2011-03-02
343,2011-03-03
338,2011-03-04
354,2011-03-05
259,2011-03-06
312,2011-03-07
321,2011-03-08
363,2011-03-09
284,2011-03-10
371,2011-03-11
348,2011-03-12
312,2011-03-13
282,2011-03-14
342,2011-03-15
354,2011-03-16
306,2011-03-17
351,2011-03-18
356,2011-03-19
303,2011-03-20
292,2011-03-21
313,2011-03-22
318,2011-03-23
325,2011-03-24
370,2011-03-25
349,2011-03-26
279,2011-03-27
292,2011-03-28
301,2011-03-29
342,2011-03-30
327,2011-03-31
439,2011-04-01
337,2011-04-02
304,2011-04-03
291,2011-04-04
299,2011-04-05
360,2011-04-06
326,2011-04-07
391,2011-04-08
343,2011-04-09
276,2011-04-10
320,2011-04-11
308,2011-04-12
341,2011-04-13
330,2011-04-14
386,2011-04-15
360,2011-04-16
292,2011-04-17
284,2011-04-18
355,2011-04-19
353,2011-04-20
319,2011-04-21
368,2011-04-22
325,2011-04-23
257,2011-04-24
303,2011-04-25
320,2011-04-26
349,2011-04-27
343,2011-04-28
324,2011-04-29
323,2011-04-30
396,2011-05-01
282,2011-05-02
272,2011-05-03
339,2011-05-04
351,2011-05-05
332,2011-05-06
315,2011-05-07
266,2011-05-08
302,2011-05-09
286,2011-05-10
324,2011-05-11
292,2011-05-12
354,2011-05-13
324,2011-05-14
330,2011-05-15
302,2011-05-16
298,2011-05-17
310,2011-05-18
368,2011-05-19
332,2011-05-20
409,2011-05-21
301,2011-05-22
277,2011-05-23
356,2011-05-24
325,2011-05-25
333,2011-05-26
422,2011-05-27
360,2011-05-28
355,2011-05-29
248,2011-05-30
282,2011-05-31
417,2011-06-01
333,2011-06-02
361,2011-06-03
333,2011-06-04
348,2011-06-05
266,2011-06-06
277,2011-06-07
339,2011-06-08
286,2011-06-09
291,2011-06-10
331,2011-06-11
252,2011-06-12
261,2011-06-13
304,2011-06-14
347,2011-06-15
314,2011-06-16
314,2011-06-17
346,2011-06-18
292,2011-06-19
322,2011-06-20
311,2011-06-21
399,2011-06-22
339,2011-06-23
350,2011-06-24
348,2011-06-25
337,2011-06-26
306,2011-06-27
298,2011-06-28
311,2011-06-29
354,2011-06-30
360,2011-07-01
346,2011-07-02
257,2011-07-03
271,2011-07-04
269,2011-07-05
324,2011-07-06
322,2011-07-07
328,2011-07-08
294,2011-07-09
294,2011-07-10
218,2011-07-11
240,2011-07-12
352,2011-07-13
304,2011-07-14
330,2011-07-15
279,2011-07-16
276,2011-07-17
254,2011-07-18
284,2011-07-19
306,2011-07-20
297,2011-07-21
337,2011-07-22
374,2011-07-23
286,2011-07-24
262,2011-07-25
338,2011-07-26
365,2011-07-27
322,2011-07-28
311,2011-07-29
299,2011-07-30
271,2011-07-31
300,2011-08-01
251,2011-08-02
342,2011-08-03
322,2011-08-04
369,2011-08-05
317,2011-08-06
254,2011-08-07
308,2011-08-08
295,2011-08-09
305,2011-08-10
377,2011-08-11
346,2011-08-12
339,2011-08-13
281,2011-08-14
293,2011-08-15
288,2011-08-16
314,2011-08-17
294,2011-08-18
370,2011-08-19
360,2011-08-20
269,2011-08-21
272,2011-08-22
276,2011-08-23
319,2011-08-24
334,2011-08-25
362,2011-08-26
390,2011-08-27
309,2011-08-28
254,2011-08-29
321,2011-08-30
349,2011-08-31
379,2011-09-01
323,2011-09-02
309,2011-09-03
274,2011-09-04
287,2011-09-05
302,2011-09-06
303,2011-09-07
281,2011-09-08
380,2011-09-09
332,2011-09-10
353,2011-09-11
346,2011-09-12
268,2011-09-13
312,2011-09-14
317,2011-09-15
327,2011-09-16
311,2011-09-17
293,2011-09-18
271,2011-09-19
358,2011-09-20
366,2011-09-21
344,2011-09-22
388,2011-09-23
365,2011-09-24
302,2011-09-25
343,2011-09-26
298,2011-09-27
359,2011-09-28
355,2011-09-29
405,2011-09-30
424,2011-10-01
295,2011-10-02
271,2011-10-03
307,2011-10-04
303,2011-10-05
293,2011-10-06
303,2011-10-07
309,2011-10-08
288,2011-10-09
291,2011-10-10
313,2011-10-11
331,2011-10-12
357,2011-10-13
318,2011-10-14
357,2011-10-15
311,2011-10-16
291,2011-10-17
331,2011-10-18
378,2011-10-19
335,2011-10-20
323,2011-10-21
326,2011-10-22
329,2011-10-23
337,2011-10-24
276,2011-10-25
297,2011-10-26
348,2011-10-27
366,2011-10-28
353,2011-10-29
323,2011-10-30
369,2011-10-31
425,2011-11-01
295,2011-11-02
342,2011-11-03
364,2011-11-04
303,2011-11-05
292,2011-11-06
300,2011-11-07
322,2011-11-08
316,2011-11-09
336,2011-11-10
292,2011-11-11
285,2011-11-12
288,2011-11-13
281,2011-11-14
352,2011-11-15
287,2011-11-16
329,2011-11-17
334,2011-11-18
306,2011-11-19
299,2011-11-20
295,2011-11-21
298,2011-11-22
367,2011-11-23
188,2011-11-24
311,2011-11-25
337,2011-11-26
274,2011-11-27
276,2011-11-28
308,2011-11-29
328,2011-11-30
336,2011-12-01
368,2011-12-02
305,2011-12-03
325,2011-12-04
313,2011-12-05
297,2011-12-06
300,2011-12-07
243,2011-12-08
321,2011-12-09
271,2011-12-10
278,2011-12-11
312,2011-12-12
290,2011-12-13
331,2011-12-14
331,2011-12-15
393,2011-12-16
324,2011-12-17
286,2011-12-18
350,2011-12-19
367,2011-12-20
312,2011-12-21
349,2011-12-22
347,2011-12-23
290,2011-12-24
143,2011-12-25
256,2011-12-26
287,2011-12-27
334,2011-12-28
293,2011-12-29
328,2011-12-30
370,2011-12-31
452,2012-01-01
257,2012-01-02
321,2012-01-03
337,2012-01-04
394,2012-01-05
355,2012-01-06
316,2012-01-07
306,2012-01-08
289,2012-01-09
351,2012-01-10
358,2012-01-11
382,2012-01-12
377,2012-01-13
332,2012-01-14
299,2012-01-15
261,2012-01-16
313,2012-01-17
272,2012-01-18
290,2012-01-19
341,2012-01-20
323,2012-01-21
299,2012-01-22
308,2012-01-23
302,2012-01-24
433,2012-01-25
360,2012-01-26
377,2012-01-27
370,2012-01-28
330,2012-01-29
295,2012-01-30
332,2012-01-31
377,2012-02-01
321,2012-02-02
382,2012-02-03
338,2012-02-04
313,2012-02-05
341,2012-02-06
347,2012-02-07
338,2012-02-08
340,2012-02-09
354,2012-02-10
353,2012-02-11
348,2012-02-12
305,2012-02-13
300,2012-02-14
347,2012-02-15
280,2012-02-16
323,2012-02-17
288,2012-02-18
297,2012-02-19
265,2012-02-20
336,2012-02-21
359,2012-02-22
365,2012-02-23
380,2012-02-24
390,2012-02-25
280,2012-02-26
331,2012-02-27
350,2012-02-28
326,2012-02-29
384,2012-03-01
369,2012-03-02
330,2012-03-03
329,2012-03-04
340,2012-03-05
275,2012-03-06
302,2012-03-07
333,2012-03-08
362,2012-03-09
327,2012-03-10
350,2012-03-11
302,2012-03-12
286,2012-03-13
278,2012-03-14
302,2012-03-15
331,2012-03-16
339,2012-03-17
323,2012-03-18
313,2012-03-19
323,2012-03-20
371,2012-03-21
340,2012-03-22
397,2012-03-23
306,2012-03-24
305,2012-03-25
305,2012-03-26
267,2012-03-27
287,2012-03-28
282,2012-03-29
321,2012-03-30
305,2012-03-31
336,2012-04-01
291,2012-04-02
307,2012-04-03
379,2012-04-04
301,2012-04-05
318,2012-04-06
316,2012-04-07
280,2012-04-08
297,2012-04-09
300,2012-04-10
322,2012-04-11
333,2012-04-12
368,2012-04-13
323,2012-04-14
323,2012-04-15
322,2012-04-16
346,2012-04-17
324,2012-04-18
351,2012-04-19
371,2012-04-20
365,2012-04-21
280,2012-04-22
360,2012-04-23
314,2012-04-24
316,2012-04-25
321,2012-04-26
395,2012-04-27
356,2012-04-28
286,2012-04-29
367,2012-04-30
346,2012-05-01
349,2012-05-02
319,2012-05-03
384,2012-05-04
350,2012-05-05
334,2012-05-06
289,2012-05-07
379,2012-05-08
318,2012-05-09
352,2012-05-10
372,2012-05-11
339,2012-05-12
265,2012-05-13
302,2012-05-14
344,2012-05-15
367,2012-05-16
294,2012-05-17
346,2012-05-18
344,2012-05-19
377,2012-05-20
308,2012-05-21
317,2012-05-22
344,2012-05-23
320,2012-05-24
361,2012-05-25
342,2012-05-26
307,2012-05-27
288,2012-05-28
333,2012-05-29
358,2012-05-30
306,2012-05-31
397,2012-06-01
327,2012-06-02
322,2012-06-03
298,2012-06-04
285,2012-06-05
277,2012-06-06
260,2012-06-07
279,2012-06-08
259,2012-06-09
294,2012-06-10
288,2012-06-11
252,2012-06-12
333,2012-06-13
282,2012-06-14
317,2012-06-15
276,2012-06-16
311,2012-06-17
291,2012-06-18
297,2012-06-19
326,2012-06-20
329,2012-06-21
353,2012-06-22
382,2012-06-23
451,2012-06-24
332,2012-06-25
368,2012-06-26
391,2012-06-27
402,2012-06-28
346,2012-06-29
349,2012-06-30
319,2012-07-01
327,2012-07-02
385,2012-07-03
356,2012-07-04
313,2012-07-05
326,2012-07-06
288,2012-07-07
278,2012-07-08
315,2012-07-09
314,2012-07-10
295,2012-07-11
327,2012-07-12
344,2012-07-13
351,2012-07-14
363,2012-07-15
311,2012-07-16
283,2012-07-17
296,2012-07-18
343,2012-07-19
367,2012-07-20
360,2012-07-21
274,2012-07-22
313,2012-07-23
327,2012-07-24
338,2012-07-25
309,2012-07-26
363,2012-07-27
379,2012-07-28
326,2012-07-29
298,2012-07-30
287,2012-07-31
418,2012-08-01
307,2012-08-02
357,2012-08-03
362,2012-08-04
341,2012-08-05
329,2012-08-06
277,2012-08-07
309,2012-08-08
348,2012-08-09
344,2012-08-10
316,2012-08-11
296,2012-08-12
339,2012-08-13
349,2012-08-14
358,2012-08-15
324,2012-08-16
345,2012-08-17
306,2012-08-18
320,2012-08-19
363,2012-08-20
372,2012-08-21
368,2012-08-22
361,2012-08-23
390,2012-08-24
396,2012-08-25
298,2012-08-26
324,2012-08-27
378,2012-08-28
399,2012-08-29
374,2012-08-30
404,2012-08-31
413,2012-09-01
320,2012-09-02
376,2012-09-03
358,2012-09-04
314,2012-09-05
353,2012-09-06
342,2012-09-07
360,2012-09-08
358,2012-09-09
357,2012-09-10
310,2012-09-11
381,2012-09-12
347,2012-09-13
441,2012-09-14
351,2012-09-15
351,2012-09-16
358,2012-09-17
297,2012-09-18
362,2012-09-19
348,2012-09-20
410,2012-09-21
342,2012-09-22
374,2012-09-23
308,2012-09-24
313,2012-09-25
312,2012-09-26
323,2012-09-27
361,2012-09-28
379,2012-09-29
337,2012-09-30
482,2012-10-01
363,2012-10-02
346,2012-10-03
319,2012-10-04
369,2012-10-05
434,2012-10-06
422,2012-10-07
306,2012-10-08
315,2012-10-09
368,2012-10-10
301,2012-10-11
384,2012-10-12
353,2012-10-13
389,2012-10-14
396,2012-10-15
393,2012-10-16
463,2012-10-17
382,2012-10-18
441,2012-10-19
379,2012-10-20
278,2012-10-21
373,2012-10-22
351,2012-10-23
356,2012-10-24
381,2012-10-25
395,2012-10-26
328,2012-10-27
455,2012-10-28
399,2012-10-29
340,2012-10-30
449,2012-10-31
387,2012-11-01
425,2012-11-02
409,2012-11-03
348,2012-11-04
338,2012-11-05
343,2012-11-06
314,2012-11-07
304,2012-11-08
364,2012-11-09
400,2012-11-10
347,2012-11-11
314,2012-11-12
378,2012-11-13
364,2012-11-14
349,2012-11-15
405,2012-11-16
365,2012-11-17
366,2012-11-18
380,2012-11-19
409,2012-11-20
366,2012-11-21
214,2012-11-22
357,2012-11-23
371,2012-11-24
276,2012-11-25
325,2012-11-26
346,2012-11-27
312,2012-11-28
341,2012-11-29
369,2012-11-30
380,2012-12-01
305,2012-12-02
325,2012-12-03
323,2012-12-04
339,2012-12-05
344,2012-12-06
359,2012-12-07
334,2012-12-08
314,2012-12-09
309,2012-12-10
305,2012-12-11
308,2012-12-12
361,2012-12-13
366,2012-12-14
329,2012-12-15
363,2012-12-16
322,2012-12-17
346,2012-12-18
379,2012-12-19
364,2012-12-20
402,2012-12-21
357,2012-12-22
250,2012-12-23
288,2012-12-24
188,2012-12-25
275,2012-12-26
369,2012-12-27
360,2012-12-28
367,2012-12-29
385,2012-12-30
310,2012-12-31
497,2013-01-01
337,2013-01-02
298,2013-01-03
354,2013-01-04
335,2013-01-05
287,2013-01-06
341,2013-01-07
311,2013-01-08
373,2013-01-09
383,2013-01-10
339,2013-01-11
354,2013-01-12
298,2013-01-13
326,2013-01-14
347,2013-01-15
295,2013-01-16
400,2013-01-17
365,2013-01-18
366,2013-01-19
345,2013-01-20
300,2013-01-21
334,2013-01-22
370,2013-01-23
417,2013-01-24
446,2013-01-25
392,2013-01-26
331,2013-01-27
356,2013-01-28
358,2013-01-29
336,2013-01-30
441,2013-01-31
409,2013-02-01
358,2013-02-02
335,2013-02-03
317,2013-02-04
380,2013-02-05
328,2013-02-06
314,2013-02-07
393,2013-02-08
366,2013-02-09
327,2013-02-10
332,2013-02-11
333,2013-02-12
450,2013-02-13
340,2013-02-14
414,2013-02-15
433,2013-02-16
377,2013-02-17
368,2013-02-18
372,2013-02-19
342,2013-02-20
369,2013-02-21
397,2013-02-22
377,2013-02-23
322,2013-02-24
356,2013-02-25
332,2013-02-26
377,2013-02-27
338,2013-02-28
474,2013-03-01
358,2013-03-02
327,2013-03-03
353,2013-03-04
342,2013-03-05
350,2013-03-06
323,2013-03-07
418,2013-03-08
325,2013-03-09
299,2013-03-10
329,2013-03-11
334,2013-03-12
415,2013-03-13
343,2013-03-14
394,2013-03-15
354,2013-03-16
371,2013-03-17
330,2013-03-18
361,2013-03-19
338,2013-03-20
412,2013-03-21
400,2013-03-22
386,2013-03-23
354,2013-03-24
350,2013-03-25
345,2013-03-26
376,2013-03-27
352,2013-03-28
410,2013-03-29
303,2013-03-30
321,2013-03-31
389,2013-04-01
314,2013-04-02
281,2013-04-03
319,2013-04-04
441,2013-04-05
390,2013-04-06
347,2013-04-07
298,2013-04-08
358,2013-04-09
324,2013-04-10
387,2013-04-11
385,2013-04-12
360,2013-04-13
344,2013-04-14
351,2013-04-15
335,2013-04-16
376,2013-04-17
341,2013-04-18
391,2013-04-19
392,2013-04-20
355,2013-04-21
376,2013-04-22
387,2013-04-23
415,2013-04-24
371,2013-04-25
313,2013-04-26
396,2013-04-27
356,2013-04-28
348,2013-04-29
336,2013-04-30
402,2013-05-01
342,2013-05-02
356,2013-05-03
319,2013-05-04
403,2013-05-05
362,2013-05-06
412,2013-05-07
349,2013-05-08
404,2013-05-09
384,2013-05-10
337,2013-05-11
323,2013-05-12
262,2013-05-13
301,2013-05-14
375,2013-05-15
364,2013-05-16
419,2013-05-17
333,2013-05-18
368,2013-05-19
383,2013-05-20
360,2013-05-21
339,2013-05-22
331,2013-05-23
451,2013-05-24
347,2013-05-25
384,2013-05-26
285,2013-05-27
348,2013-05-28
333,2013-05-29
315,2013-05-30
373,2013-05-31
450,2013-06-01
314,2013-06-02
367,2013-06-03
319,2013-06-04
296,2013-06-05
305,2013-06-06
390,2013-06-07
297,2013-06-08
308,2013-06-09
364,2013-06-10
392,2013-06-11
356,2013-06-12
351,2013-06-13
364,2013-06-14
317,2013-06-15
319,2013-06-16
328,2013-06-17
373,2013-06-18
384,2013-06-19
350,2013-06-20
373,2013-06-21
319,2013-06-22
343,2013-06-23
333,2013-06-24
299,2013-06-25
356,2013-06-26
334,2013-06-27
411,2013-06-28
400,2013-06-29
424,2013-06-30
362,2013-07-01
330,2013-07-02
379,2013-07-03
297,2013-07-04
358,2013-07-05
311,2013-07-06
351,2013-07-07
334,2013-07-08
352,2013-07-09
336,2013-07-10
299,2013-07-11
363,2013-07-12
365,2013-07-13
338,2013-07-14
344,2013-07-15
371,2013-07-16
376,2013-07-17
372,2013-07-18
384,2013-07-19
321,2013-07-20
348,2013-07-21
391,2013-07-22
356,2013-07-23
395,2013-07-24
345,2013-07-25
412,2013-07-26
397,2013-07-27
405,2013-07-28
391,2013-07-29
374,2013-07-30
375,2013-07-31
435,2013-08-01
380,2013-08-02
374,2013-08-03
373,2013-08-04
324,2013-08-05
319,2013-08-06
382,2013-08-07
344,2013-08-08
416,2013-08-09
409,2013-08-10
389,2013-08-11
358,2013-08-12
345,2013-08-13
383,2013-08-14
411,2013-08-15
443,2013-08-16
399,2013-08-17
379,2013-08-18
422,2013-08-19
394,2013-08-20
363,2013-08-21
345,2013-08-22
427,2013-08-23
349,2013-08-24
380,2013-08-25
373,2013-08-26
379,2013-08-27
367,2013-08-28
381,2013-08-29
369,2013-08-30
345,2013-08-31
420,2013-09-01
312,2013-09-02
356,2013-09-03
397,2013-09-04
388,2013-09-05
440,2013-09-06
413,2013-09-07
390,2013-09-08
393,2013-09-09
350,2013-09-10
456,2013-09-11
407,2013-09-12
430,2013-09-13
393,2013-09-14
398,2013-09-15
368,2013-09-16
370,2013-09-17
417,2013-09-18
378,2013-09-19
416,2013-09-20
352,2013-09-21
333,2013-09-22
404,2013-09-23
395,2013-09-24
473,2013-09-25
433,2013-09-26
445,2013-09-27
403,2013-09-28
369,2013-09-29
386,2013-09-30
435,2013-10-01
417,2013-10-02
379,2013-10-03
478,2013-10-04
391,2013-10-05
378,2013-10-06
330,2013-10-07
363,2013-10-08
385,2013-10-09
382,2013-10-10
396,2013-10-11
295,2013-10-12
337,2013-10-13
363,2013-10-14
380,2013-10-15
354,2013-10-16
380,2013-10-17
407,2013-10-18
389,2013-10-19
372,2013-10-20
409,2013-10-21
402,2013-10-22
390,2013-10-23
388,2013-10-24
422,2013-10-25
386,2013-10-26
374,2013-10-27
372,2013-10-28
354,2013-10-29
369,2013-10-30
409,2013-10-31
537,2013-11-01
297,2013-11-02
320,2013-11-03
309,2013-11-04
349,2013-11-05
387,2013-11-06
325,2013-11-07
335,2013-11-08
372,2013-11-09
318,2013-11-10
321,2013-11-11
449,2013-11-12
384,2013-11-13
355,2013-11-14
361,2013-11-15
379,2013-11-16
313,2013-11-17
368,2013-11-18
327,2013-11-19
357,2013-11-20
368,2013-11-21
354,2013-11-22
398,2013-11-23
303,2013-11-24
311,2013-11-25
328,2013-11-26
338,2013-11-27
265,2013-11-28
341,2013-11-29
354,2013-11-30
384,2013-12-01
325,2013-12-02
374,2013-12-03
339,2013-12-04
338,2013-12-05
323,2013-12-06
331,2013-12-07
280,2013-12-08
289,2013-12-09
326,2013-12-10
321,2013-12-11
316,2013-12-12
339,2013-12-13
342,2013-12-14
326,2013-12-15
368,2013-12-16
366,2013-12-17
359,2013-12-18
368,2013-12-19
367,2013-12-20
303,2013-12-21
288,2013-12-22
180,2013-12-23
151,2013-12-24
135,2013-12-25
221,2013-12-26
351,2013-12-27
393,2013-12-28
346,2013-12-29
336,2013-12-30
343,2013-12-31
422,2014-01-01
318,2014-01-02
371,2014-01-03
318,2014-01-04
277,2014-01-05
346,2014-01-06
320,2014-01-07
369,2014-01-08
340,2014-01-09
401,2014-01-10
338,2014-01-11
329,2014-01-12
362,2014-01-13
396,2014-01-14
391,2014-01-15
430,2014-01-16
368,2014-01-17
399,2014-01-18
340,2014-01-19
342,2014-01-20
334,2014-01-21
370,2014-01-22
364,2014-01-23
412,2014-01-24
391,2014-01-25
349,2014-01-26
373,2014-01-27
323,2014-01-28
323,2014-01-29
334,2014-01-30
313,2014-01-31
426,2014-02-01
311,2014-02-02
359,2014-02-03
351,2014-02-04
393,2014-02-05
348,2014-02-06
353,2014-02-07
332,2014-02-08
317,2014-02-09
393,2014-02-10
324,2014-02-11
410,2014-02-12
356,2014-02-13
460,2014-02-14
422,2014-02-15
330,2014-02-16
367,2014-02-17
379,2014-02-18
340,2014-02-19
339,2014-02-20
400,2014-02-21
367,2014-02-22
324,2014-02-23
326,2014-02-24
343,2014-02-25
326,2014-02-26
367,2014-02-27
340,2014-02-28
375,2014-03-01
333,2014-03-02
335,2014-03-03
372,2014-03-04
351,2014-03-05
391,2014-03-06
394,2014-03-07
358,2014-03-08
333,2014-03-09
349,2014-03-10
345,2014-03-11
373,2014-03-12
329,2014-03-13
411,2014-03-14
381,2014-03-15
302,2014-03-16
346,2014-03-17
318,2014-03-18
447,2014-03-19
343,2014-03-20
358,2014-03-21
368,2014-03-22
340,2014-03-23
375,2014-03-24
356,2014-03-25
321,2014-03-26
446,2014-03-27
444,2014-03-28
355,2014-03-29
289,2014-03-30
302,2014-03-31
349,2014-04-01
326,2014-04-02
384,2014-04-03
356,2014-04-04
379,2014-04-05
350,2014-04-06
359,2014-04-07
346,2014-04-08
337,2014-04-09
401,2014-04-10
389,2014-04-11
426,2014-04-12
310,2014-04-13
313,2014-04-14
317,2014-04-15
407,2014-04-16
362,2014-04-17
389,2014-04-18
400,2014-04-19
322,2014-04-20
326,2014-04-21
351,2014-04-22
348,2014-04-23
386,2014-04-24
401,2014-04-25
401,2014-04-26
302,2014-04-27
352,2014-04-28
324,2014-04-29
346,2014-04-30
404,2014-05-01
366,2014-05-02
318,2014-05-03
315,2014-05-04
335,2014-05-05
365,2014-05-06
309,2014-05-07
308,2014-05-08
367,2014-05-09
332,2014-05-10
327,2014-05-11
288,2014-05-12
332,2014-05-13
354,2014-05-14
362,2014-05-15
361,2014-05-16
409,2014-05-17
373,2014-05-18
336,2014-05-19
338,2014-05-20
342,2014-05-21
326,2014-05-22
399,2014-05-23
351,2014-05-24
380,2014-05-25
353,2014-05-26
342,2014-05-27
342,2014-05-28
328,2014-05-29
330,2014-05-30
296,2014-05-31
324,2014-06-01
353,2014-06-02
344,2014-06-03
413,2014-06-04
369,2014-06-05
359,2014-06-06
323,2014-06-07
263,2014-06-08
307,2014-06-09
311,2014-06-10
308,2014-06-11
312,2014-06-12
335,2014-06-13
341,2014-06-14
315,2014-06-15
309,2014-06-16
343,2014-06-17
316,2014-06-18
327,2014-06-19
420,2014-06-20
370,2014-06-21
296,2014-06-22
355,2014-06-23
315,2014-06-24
344,2014-06-25
343,2014-06-26
408,2014-06-27
438,2014-06-28
436,2014-06-29
306,2014-06-30
372,2014-07-01
345,2014-07-02
353,2014-07-03
338,2014-07-04
353,2014-07-05
323,2014-07-06
385,2014-07-07
327,2014-07-08
393,2014-07-09
338,2014-07-10
355,2014-07-11
342,2014-07-12
318,2014-07-13
378,2014-07-14
373,2014-07-15
338,2014-07-16
355,2014-07-17
391,2014-07-18
358,2014-07-19
318,2014-07-20
391,2014-07-21
395,2014-07-22
345,2014-07-23
388,2014-07-24
369,2014-07-25
343,2014-07-26
366,2014-07-27
360,2014-07-28
405,2014-07-29
379,2014-07-30
350,2014-07-31
413,2014-08-01
390,2014-08-02
341,2014-08-03
325,2014-08-04
322,2014-08-05
367,2014-08-06
408,2014-08-07
439,2014-08-08
439,2014-08-09
403,2014-08-10
353,2014-08-11
350,2014-08-12
359,2014-08-13
395,2014-08-14
375,2014-08-15
422,2014-08-16
364,2014-08-17
409,2014-08-18
316,2014-08-19
394,2014-08-20
335,2014-08-21
424,2014-08-22
421,2014-08-23
352,2014-08-24
355,2014-08-25
371,2014-08-26
339,2014-08-27
322,2014-08-28
455,2014-08-29
398,2014-08-30
331,2014-08-31
335,2014-09-01
363,2014-09-02
326,2014-09-03
403,2014-09-04
388,2014-09-05
373,2014-09-06
314,2014-09-07
343,2014-09-08
380,2014-09-09
400,2014-09-10
352,2014-09-11
361,2014-09-12
365,2014-09-13
332,2014-09-14
340,2014-09-15
356,2014-09-16
344,2014-09-17
345,2014-09-18
408,2014-09-19
411,2014-09-20
372,2014-09-21
352,2014-09-22
374,2014-09-23
339,2014-09-24
341,2014-09-25
422,2014-09-26
438,2014-09-27
339,2014-09-28
370,2014-09-29
347,2014-09-30
384,2014-10-01
344,2014-10-02
398,2014-10-03
428,2014-10-04
375,2014-10-05
349,2014-10-06
423,2014-10-07
343,2014-10-08
405,2014-10-09
390,2014-10-10
467,2014-10-11
357,2014-10-12
376,2014-10-13
387,2014-10-14
371,2014-10-15
368,2014-10-16
396,2014-10-17
387,2014-10-18
343,2014-10-19
347,2014-10-20
364,2014-10-21
343,2014-10-22
391,2014-10-23
420,2014-10-24
387,2014-10-25
344,2014-10-26
336,2014-10-27
367,2014-10-28
427,2014-10-29
337,2014-10-30
376,2014-10-31
418,2014-11-01
333,2014-11-02
320,2014-11-03
353,2014-11-04
350,2014-11-05
351,2014-11-06
367,2014-11-07
363,2014-11-08
341,2014-11-09
371,2014-11-10
332,2014-11-11
374,2014-11-12
320,2014-11-13
400,2014-11-14
406,2014-11-15
324,2014-11-16
314,2014-11-17
369,2014-11-18
317,2014-11-19
321,2014-11-20
397,2014-11-21
400,2014-11-22
360,2014-11-23
355,2014-11-24
378,2014-11-25
410,2014-11-26
275,2014-11-27
366,2014-11-28
353,2014-11-29
287,2014-11-30
367,2014-12-01
313,2014-12-02
283,2014-12-03
306,2014-12-04
389,2014-12-05
355,2014-12-06
311,2014-12-07
337,2014-12-08
345,2014-12-09
358,2014-12-10
281,2014-12-11
384,2014-12-12
359,2014-12-13
318,2014-12-14
326,2014-12-15
312,2014-12-16
354,2014-12-17
386,2014-12-18
394,2014-12-19
365,2014-12-20
362,2014-12-21
382,2014-12-22
375,2014-12-23
323,2014-12-24
226,2014-12-25
356,2014-12-26
343,2014-12-27
300,2014-12-28
383,2014-12-29
325,2014-12-30
331,2014-12-31
436,2015-01-01
387,2015-01-02
388,2015-01-03
296,2015-01-04
399,2015-01-05
351,2015-01-06
348,2015-01-07
358,2015-01-08
456,2015-01-09
373,2015-01-10
327,2015-01-11
386,2015-01-12
376,2015-01-13
426,2015-01-14
437,2015-01-15
429,2015-01-16
439,2015-01-17
359,2015-01-18
427,2015-01-19
396,2015-01-20
350,2015-01-21
363,2015-01-22
389,2015-01-23
402,2015-01-24
315,2015-01-25
327,2015-01-26
411,2015-01-27
381,2015-01-28
392,2015-01-29
417,2015-01-30
389,2015-01-31
394,2015-02-01
410,2015-02-02
392,2015-02-03
458,2015-02-04
340,2015-02-05
377,2015-02-06
315,2015-02-07
343,2015-02-08
364,2015-02-09
377,2015-02-10
356,2015-02-11
347,2015-02-12
400,2015-02-13
371,2015-02-14
353,2015-02-15
388,2015-02-16
395,2015-02-17
393,2015-02-18
343,2015-02-19
475,2015-02-20
395,2015-02-21
386,2015-02-22
445,2015-02-23
384,2015-02-24
400,2015-02-25
397,2015-02-26
376,2015-02-27
401,2015-02-28
424,2015-03-01
350,2015-03-02
385,2015-03-03
416,2015-03-04
385,2015-03-05
409,2015-03-06
419,2015-03-07
366,2015-03-08
403,2015-03-09
373,2015-03-10
385,2015-03-11
374,2015-03-12
451,2015-03-13
408,2015-03-14
413,2015-03-15
374,2015-03-16
389,2015-03-17
351,2015-03-18
399,2015-03-19
422,2015-03-20
362,2015-03-21
382,2015-03-22
336,2015-03-23
391,2015-03-24
456,2015-03-25
379,2015-03-26
431,2015-03-27
446,2015-03-28
375,2015-03-29
385,2015-03-30
352,2015-03-31
394,2015-04-01
400,2015-04-02
407,2015-04-03
388,2015-04-04
337,2015-04-05
381,2015-04-06
348,2015-04-07
374,2015-04-08
373,2015-04-09
409,2015-04-10
393,2015-04-11
348,2015-04-12
348,2015-04-13
323,2015-04-14
400,2015-04-15
364,2015-04-16
415,2015-04-17
409,2015-04-18
407,2015-04-19
362,2015-04-20
356,2015-04-21
411,2015-04-22
320,2015-04-23
411,2015-04-24
380,2015-04-25
352,2015-04-26
371,2015-04-27
348,2015-04-28
411,2015-04-29
390,2015-04-30
415,2015-05-01
349,2015-05-02
343,2015-05-03
350,2015-05-04
404,2015-05-05
394,2015-05-06
436,2015-05-07
414,2015-05-08
362,2015-05-09
323,2015-05-10
402,2015-05-11
344,2015-05-12
363,2015-05-13
401,2015-05-14
431,2015-05-15
416,2015-05-16
429,2015-05-17
352,2015-05-18
389,2015-05-19
383,2015-05-20
378,2015-05-21
479,2015-05-22
445,2015-05-23
373,2015-05-24
382,2015-05-25
344,2015-05-26
394,2015-05-27
375,2015-05-28
397,2015-05-29
457,2015-05-30
373,2015-05-31
466,2015-06-01
388,2015-06-02
390,2015-06-03
286,2015-06-04
421,2015-06-05
415,2015-06-06
355,2015-06-07
358,2015-06-08
386,2015-06-09
377,2015-06-10
400,2015-06-11
448,2015-06-12
385,2015-06-13
356,2015-06-14
420,2015-06-15
407,2015-06-16
371,2015-06-17
329,2015-06-18
375,2015-06-19
410,2015-06-20
374,2015-06-21
357,2015-06-22
359,2015-06-23
416,2015-06-24
394,2015-06-25
431,2015-06-26
446,2015-06-27
522,2015-06-28
358,2015-06-29
316,2015-06-30
423,2015-07-01
373,2015-07-02
403,2015-07-03
359,2015-07-04
352,2015-07-05
405,2015-07-06
367,2015-07-07
329,2015-07-08
356,2015-07-09
414,2015-07-10
419,2015-07-11
379,2015-07-12
338,2015-07-13
326,2015-07-14
417,2015-07-15
348,2015-07-16
429,2015-07-17
362,2015-07-18
355,2015-07-19
412,2015-07-20
392,2015-07-21
368,2015-07-22
380,2015-07-23
423,2015-07-24
426,2015-07-25
372,2015-07-26
375,2015-07-27
373,2015-07-28
361,2015-07-29
358,2015-07-30
377,2015-07-31
408,2015-08-01
357,2015-08-02
391,2015-08-03
343,2015-08-04
406,2015-08-05
344,2015-08-06
478,2015-08-07
424,2015-08-08
343,2015-08-09
341,2015-08-10
381,2015-08-11
358,2015-08-12
405,2015-08-13
411,2015-08-14
402,2015-08-15
338,2015-08-16
395,2015-08-17
392,2015-08-18
379,2015-08-19
384,2015-08-20
440,2015-08-21
405,2015-08-22
347,2015-08-23
396,2015-08-24
362,2015-08-25
392,2015-08-26
397,2015-08-27
466,2015-08-28
391,2015-08-29
396,2015-08-30
334,2015-08-31
407,2015-09-01
370,2015-09-02
367,2015-09-03
403,2015-09-04
415,2015-09-05
347,2015-09-06
347,2015-09-07
358,2015-09-08
354,2015-09-09
370,2015-09-10
414,2015-09-11
431,2015-09-12
344,2015-09-13
343,2015-09-14
373,2015-09-15
403,2015-09-16
392,2015-09-17
388,2015-09-18
397,2015-09-19
372,2015-09-20
326,2015-09-21
401,2015-09-22
364,2015-09-23
405,2015-09-24
383,2015-09-25
390,2015-09-26
339,2015-09-27
370,2015-09-28
379,2015-09-29
344,2015-09-30
499,2015-10-01
431,2015-10-02
361,2015-10-03
348,2015-10-04
373,2015-10-05
335,2015-10-06
392,2015-10-07
366,2015-10-08
380,2015-10-09
430,2015-10-10
329,2015-10-11
332,2015-10-12
376,2015-10-13
346,2015-10-14
368,2015-10-15
406,2015-10-16
345,2015-10-17
331,2015-10-18
336,2015-10-19
391,2015-10-20
325,2015-10-21
334,2015-10-22
418,2015-10-23
383,2015-10-24
375,2015-10-25
396,2015-10-26
344,2015-10-27
390,2015-10-28
354,2015-10-29
375,2015-10-30
393,2015-10-31
455,2015-11-01
307,2015-11-02
379,2015-11-03
365,2015-11-04
352,2015-11-05
346,2015-11-06
298,2015-11-07
308,2015-11-08
355,2015-11-09
348,2015-11-10
305,2015-11-11
330,2015-11-12
359,2015-11-13
347,2015-11-14
376,2015-11-15
344,2015-11-16
343,2015-11-17
386,2015-11-18
361,2015-11-19
428,2015-11-20
380,2015-11-21
336,2015-11-22
323,2015-11-23
386,2015-11-24
390,2015-11-25
270,2015-11-26
358,2015-11-27
338,2015-11-28
323,2015-11-29
372,2015-11-30
398,2015-12-01
342,2015-12-02
351,2015-12-03
383,2015-12-04
336,2015-12-05
336,2015-12-06
316,2015-12-07
358,2015-12-08
335,2015-12-09
345,2015-12-10
322,2015-12-11
292,2015-12-12
302,2015-12-13
315,2015-12-14
308,2015-12-15
324,2015-12-16
322,2015-12-17
256,2015-12-18
234,2015-12-19
290,2015-12-20
249,2015-12-21
336,2015-12-22
359,2015-12-23
375,2015-12-24
238,2015-12-25
332,2015-12-26
309,2015-12-27
332,2015-12-28
325,2015-12-29
430,2015-12-30
357,2015-12-31
480,2016-01-01
354,2016-01-02
269,2016-01-03
316,2016-01-04
343,2016-01-05
326,2016-01-06
368,2016-01-07
391,2016-01-08
364,2016-01-09
361,2016-01-10
318,2016-01-11
363,2016-01-12
380,2016-01-13
346,2016-01-14
381,2016-01-15
386,2016-01-16
348,2016-01-17
333,2016-01-18
343,2016-01-19
410,2016-01-20
401,2016-01-21
415,2016-01-22
436,2016-01-23
360,2016-01-24
356,2016-01-25
403,2016-01-26
410,2016-01-27
350,2016-01-28
458,2016-01-29
369,2016-01-30
331,2016-01-31
444,2016-02-01
359,2016-02-02
370,2016-02-03
427,2016-02-04
403,2016-02-05
375,2016-02-06
408,2016-02-07
367,2016-02-08
370,2016-02-09
367,2016-02-10
335,2016-02-11
374,2016-02-12
366,2016-02-13
317,2016-02-14
366,2016-02-15
406,2016-02-16
359,2016-02-17
362,2016-02-18
363,2016-02-19
352,2016-02-20
385,2016-02-21
354,2016-02-22
314,2016-02-23
353,2016-02-24
337,2016-02-25
334,2016-02-26
378,2016-02-27
335,2016-02-28
340,2016-02-29
371,2016-03-01
364,2016-03-02
329,2016-03-03
396,2016-03-04
303,2016-03-05
304,2016-03-06
337,2016-03-07
327,2016-03-08
322,2016-03-09
304,2016-03-10
326,2016-03-11
300,2016-03-12
271,2016-03-13
364,2016-03-14
361,2016-03-15
369,2016-03-16
343,2016-03-17
413,2016-03-18
353,2016-03-19
324,2016-03-20
369,2016-03-21
371,2016-03-22
364,2016-03-23
325,2016-03-24
372,2016-03-25
399,2016-03-26
339,2016-03-27
346,2016-03-28
382,2016-03-29
370,2016-03-30
389,2016-03-31
464,2016-04-01
380,2016-04-02
322,2016-04-03
406,2016-04-04
319,2016-04-05
368,2016-04-06
374,2016-04-07
363,2016-04-08
339,2016-04-09
296,2016-04-10
356,2016-04-11
359,2016-04-12
355,2016-04-13
328,2016-04-14
385,2016-04-15
332,2016-04-16
333,2016-04-17
315,2016-04-18
357,2016-04-19
421,2016-04-20
369,2016-04-21
348,2016-04-22
388,2016-04-23
333,2016-04-24
326,2016-04-25
300,2016-04-26
310,2016-04-27
401,2016-04-28
365,2016-04-29
363,2016-04-30
421,2016-05-01
326,2016-05-02
306,2016-05-03
330,2016-05-04
401,2016-05-05
382,2016-05-06
362,2016-05-07
277,2016-05-08
290,2016-05-09
334,2016-05-10
332,2016-05-11
359,2016-05-12
393,2016-05-13
374,2016-05-14
364,2016-05-15
370,2016-05-16
381,2016-05-17
346,2016-05-18
336,2016-05-19
397,2016-05-20
327,2016-05-21
320,2016-05-22
426,2016-05-23
395,2016-05-24
359,2016-05-25
353,2016-05-26
406,2016-05-27
340,2016-05-28
386,2016-05-29
368,2016-05-30
359,2016-05-31
438,2016-06-01
355,2016-06-02
330,2016-06-03
328,2016-06-04
325,2016-06-05
296,2016-06-06
328,2016-06-07
334,2016-06-08
338,2016-06-09
367,2016-06-10
331,2016-06-11
360,2016-06-12
330,2016-06-13
329,2016-06-14
394,2016-06-15
381,2016-06-16
335,2016-06-17
351,2016-06-18
311,2016-06-19
357,2016-06-20
371,2016-06-21
397,2016-06-22
348,2016-06-23
397,2016-06-24
446,2016-06-25
430,2016-06-26
293,2016-06-27
393,2016-06-28
320,2016-06-29
349,2016-06-30
453,2016-07-01
306,2016-07-02
349,2016-07-03
311,2016-07-04
353,2016-07-05
365,2016-07-06
318,2016-07-07
294,2016-07-08
348,2016-07-09
336,2016-07-10
365,2016-07-11
340,2016-07-12
318,2016-07-13
337,2016-07-14
373,2016-07-15
374,2016-07-16
291,2016-07-17
341,2016-07-18
363,2016-07-19
311,2016-07-20
339,2016-07-21
347,2016-07-22
348,2016-07-23
342,2016-07-24
333,2016-07-25
355,2016-07-26
383,2016-07-27
346,2016-07-28
358,2016-07-29
372,2016-07-30
369,2016-07-31
426,2016-08-01
335,2016-08-02
350,2016-08-03
315,2016-08-04
391,2016-08-05
381,2016-08-06
355,2016-08-07
309,2016-08-08
344,2016-08-09
375,2016-08-10
373,2016-08-11
371,2016-08-12
388,2016-08-13
343,2016-08-14
341,2016-08-15
339,2016-08-16
337,2016-08-17
378,2016-08-18
338,2016-08-19
312,2016-08-20
373,2016-08-21
359,2016-08-22
374,2016-08-23
371,2016-08-24
390,2016-08-25
374,2016-08-26
357,2016-08-27
347,2016-08-28
361,2016-08-29
316,2016-08-30
374,2016-08-31
405,2016-09-01
433,2016-09-02
358,2016-09-03
374,2016-09-04
311,2016-09-05
375,2016-09-06
356,2016-09-07
350,2016-09-08
370,2016-09-09
371,2016-09-10
303,2016-09-11
324,2016-09-12
364,2016-09-13
345,2016-09-14
406,2016-09-15
377,2016-09-16
383,2016-09-17
374,2016-09-18
337,2016-09-19
350,2016-09-20
340,2016-09-21
395,2016-09-22
408,2016-09-23
386,2016-09-24
368,2016-09-25
374,2016-09-26
366,2016-09-27
376,2016-09-28
309,2016-09-29
410,2016-09-30
414,2016-10-01
313,2016-10-02
383,2016-10-03
373,2016-10-04
337,2016-10-05
367,2016-10-06
417,2016-10-07
463,2016-10-08
374,2016-10-09
420,2016-10-10
350,2016-10-11
403,2016-10-12
408,2016-10-13
385,2016-10-14
366,2016-10-15
369,2016-10-16
390,2016-10-17
355,2016-10-18
382,2016-10-19
384,2016-10-20
378,2016-10-21
366,2016-10-22
332,2016-10-23
380,2016-10-24
391,2016-10-25
388,2016-10-26
393,2016-10-27
403,2016-10-28
386,2016-10-29
388,2016-10-30
425,2016-10-31
415,2016-11-01
379,2016-11-02
393,2016-11-03
414,2016-11-04
363,2016-11-05
354,2016-11-06
327,2016-11-07
377,2016-11-08
352,2016-11-09
406,2016-11-10
406,2016-11-11
429,2016-11-12
316,2016-11-13
361,2016-11-14
428,2016-11-15
399,2016-11-16
390,2016-11-17
442,2016-11-18
384,2016-11-19
372,2016-11-20
349,2016-11-21
379,2016-11-22
384,2016-11-23
292,2016-11-24
418,2016-11-25
404,2016-11-26
369,2016-11-27
351,2016-11-28
390,2016-11-29
335,2016-11-30
427,2016-12-01
392,2016-12-02
342,2016-12-03
354,2016-12-04
374,2016-12-05
388,2016-12-06
328,2016-12-07
331,2016-12-08
366,2016-12-09
380,2016-12-10
408,2016-12-11
399,2016-12-12
373,2016-12-13
444,2016-12-14
364,2016-12-15
418,2016-12-16
367,2016-12-17
313,2016-12-18
370,2016-12-19
418,2016-12-20
351,2016-12-21
425,2016-12-22
400,2016-12-23
334,2016-12-24
194,2016-12-25
338,2016-12-26
406,2016-12-27
348,2016-12-28
375,2016-12-29
375,2016-12-30
415,2016-12-31
418,2017-01-01
343,2017-01-02
360,2017-01-03
345,2017-01-04
369,2017-01-05
390,2017-01-06
368,2017-01-07
329,2017-01-08
341,2017-01-09
367,2017-01-10
335,2017-01-11
328,2017-01-12
402,2017-01-13
425,2017-01-14
371,2017-01-15
373,2017-01-16
369,2017-01-17
358,2017-01-18
368,2017-01-19
366,2017-01-20
417,2017-01-21
376,2017-01-22
415,2017-01-23
399,2017-01-24
367,2017-01-25
398,2017-01-26
391,2017-01-27
389,2017-01-28
375,2017-01-29
404,2017-01-30
394,2017-01-31
427,2017-02-01
394,2017-02-02
418,2017-02-03
427,2017-02-04
340,2017-02-05
337,2017-02-06
356,2017-02-07
380,2017-02-08
390,2017-02-09
429,2017-02-10
428,2017-02-11
328,2017-02-12
394,2017-02-13
358,2017-02-14
397,2017-02-15
377,2017-02-16
438,2017-02-17
420,2017-02-18
374,2017-02-19
353,2017-02-20
391,2017-02-21
380,2017-02-22
389,2017-02-23
353,2017-02-24
403,2017-02-25
369,2017-02-26
385,2017-02-27
383,2017-02-28
480,2017-03-01
384,2017-03-02
437,2017-03-03
382,2017-03-04
341,2017-03-05
391,2017-03-06
380,2017-03-07
393,2017-03-08
337,2017-03-09
410,2017-03-10
377,2017-03-11
359,2017-03-12
366,2017-03-13
395,2017-03-14
411,2017-03-15
367,2017-03-16
479,2017-03-17
381,2017-03-18
317,2017-03-19
331,2017-03-20
354,2017-03-21
426,2017-03-22
375,2017-03-23
403,2017-03-24
380,2017-03-25
397,2017-03-26
417,2017-03-27
370,2017-03-28
441,2017-03-29
445,2017-03-30
392,2017-03-31
439,2017-04-01
342,2017-04-02
415,2017-04-03
374,2017-04-04
407,2017-04-05
340,2017-04-06
402,2017-04-07
369,2017-04-08
298,2017-04-09
433,2017-04-10
392,2017-04-11
378,2017-04-12
380,2017-04-13
449,2017-04-14
413,2017-04-15
352,2017-04-16
387,2017-04-17
383,2017-04-18
356,2017-04-19
409,2017-04-20
387,2017-04-21
381,2017-04-22
364,2017-04-23
347,2017-04-24
386,2017-04-25
367,2017-04-26
399,2017-04-27
423,2017-04-28
406,2017-04-29
398,2017-04-30
413,2017-05-01
364,2017-05-02
373,2017-05-03
372,2017-05-04
381,2017-05-05
370,2017-05-06
382,2017-05-07
380,2017-05-08
342,2017-05-09
386,2017-05-10
374,2017-05-11
415,2017-05-12
378,2017-05-13
319,2017-05-14
438,2017-05-15
430,2017-05-16
366,2017-05-17
395,2017-05-18
377,2017-05-19
406,2017-05-20
388,2017-05-21
357,2017-05-22
433,2017-05-23
351,2017-05-24
424,2017-05-25
402,2017-05-26
414,2017-05-27
393,2017-05-28
333,2017-05-29
299,2017-05-30
354,2017-05-31
420,2017-06-01
383,2017-06-02
348,2017-06-03
352,2017-06-04
392,2017-06-05
331,2017-06-06
376,2017-06-07
356,2017-06-08
372,2017-06-09
362,2017-06-10
331,2017-06-11
344,2017-06-12
349,2017-06-13
359,2017-06-14
358,2017-06-15
388,2017-06-16
376,2017-06-17
336,2017-06-18
392,2017-06-19
387,2017-06-20
382,2017-06-21
374,2017-06-22
417,2017-06-23
434,2017-06-24
491,2017-06-25
373,2017-06-26
361,2017-06-27
320,2017-06-28
342,2017-06-29
373,2017-06-30
388,2017-07-01
362,2017-07-02
379,2017-07-03
343,2017-07-04
360,2017-07-05
361,2017-07-06
354,2017-07-07
424,2017-07-08
399,2017-07-09
362,2017-07-10
353,2017-07-11
355,2017-07-12
434,2017-07-13
380,2017-07-14
418,2017-07-15
352,2017-07-16
397,2017-07-17
393,2017-07-18
392,2017-07-19
411,2017-07-20
391,2017-07-21
382,2017-07-22
391,2017-07-23
331,2017-07-24
383,2017-07-25
351,2017-07-26
367,2017-07-27
414,2017-07-28
410,2017-07-29
341,2017-07-30
340,2017-07-31
363,2017-08-01
377,2017-08-02
339,2017-08-03
358,2017-08-04
385,2017-08-05
306,2017-08-06
334,2017-08-07
356,2017-08-08
364,2017-08-09
322,2017-08-10
417,2017-08-11
430,2017-08-12
356,2017-08-13
321,2017-08-14
395,2017-08-15
332,2017-08-16
379,2017-08-17
381,2017-08-18
372,2017-08-19
392,2017-08-20
388,2017-08-21
360,2017-08-22
334,2017-08-23
393,2017-08-24
411,2017-08-25
359,2017-08-26
333,2017-08-27
382,2017-08-28
342,2017-08-29
397,2017-08-30
383,2017-08-31
469,2017-09-01
341,2017-09-02
302,2017-09-03
333,2017-09-04
337,2017-09-05
351,2017-09-06
349,2017-09-07
393,2017-09-08
365,2017-09-09
375,2017-09-10
406,2017-09-11
359,2017-09-12
354,2017-09-13
397,2017-09-14
396,2017-09-15
413,2017-09-16
310,2017-09-17
381,2017-09-18
308,2017-09-19
357,2017-09-20
350,2017-09-21
452,2017-09-22
428,2017-09-23
315,2017-09-24
352,2017-09-25
418,2017-09-26
434,2017-09-27
379,2017-09-28
380,2017-09-29
368,2017-09-30
374,2017-10-01
340,2017-10-02
390,2017-10-03
372,2017-10-04
382,2017-10-05
384,2017-10-06
403,2017-10-07
409,2017-10-08
366,2017-10-09
382,2017-10-10
371,2017-10-11
372,2017-10-12
442,2017-10-13
429,2017-10-14
373,2017-10-15
401,2017-10-16
390,2017-10-17
382,2017-10-18
344,2017-10-19
394,2017-10-20
382,2017-10-21
390,2017-10-22
369,2017-10-23
333,2017-10-24
401,2017-10-25
426,2017-10-26
441,2017-10-27
366,2017-10-28
353,2017-10-29
382,2017-10-30
351,2017-10-31
377,2017-11-01
331,2017-11-02
444,2017-11-03
331,2017-11-04
356,2017-11-05
342,2017-11-06
389,2017-11-07
416,2017-11-08
414,2017-11-09
431,2017-11-10
388,2017-11-11
282,2017-11-12
300,2017-11-13
404,2017-11-14
379,2017-11-15
315,2017-11-16
364,2017-11-17
342,2017-11-18
356,2017-11-19
385,2017-11-20
365,2017-11-21
415,2017-11-22
257,2017-11-23
382,2017-11-24
363,2017-11-25
332,2017-11-26
415,2017-11-27
393,2017-11-28
366,2017-11-29
327,2017-11-30
414,2017-12-01
336,2017-12-02
311,2017-12-03
361,2017-12-04
362,2017-12-05
359,2017-12-06
409,2017-12-07
364,2017-12-08
343,2017-12-09
383,2017-12-10
370,2017-12-11
347,2017-12-12
372,2017-12-13
401,2017-12-14
420,2017-12-15
389,2017-12-16
358,2017-12-17
372,2017-12-18
327,2017-12-19
382,2017-12-20
397,2017-12-21
371,2017-12-22
387,2017-12-23
273,2017-12-24
243,2017-12-25
281,2017-12-26
342,2017-12-27
374,2017-12-28
362,2017-12-29
373,2017-12-30
366,2017-12-31
382,2018-01-01
319,2018-01-02
351,2018-01-03
380,2018-01-04
391,2018-01-05
372,2018-01-06
365,2018-01-07
302,2018-01-08
335,2018-01-09
354,2018-01-10
319,2018-01-11
379,2018-01-12
358,2018-01-13
347,2018-01-14
350,2018-01-15
305,2018-01-16
309,2018-01-17
368,2018-01-18
380,2018-01-19
313,2018-01-20
316,2018-01-21
347,2018-01-22
370,2018-01-23
323,2018-01-24
346,2018-01-25
347,2018-01-26
373,2018-01-27
301,2018-01-28
339,2018-01-29
344,2018-01-30
327,2018-01-31
333,2018-02-01
339,2018-02-02
324,2018-02-03
272,2018-02-04
281,2018-02-05
307,2018-02-06
321,2018-02-07
313,2018-02-08
352,2018-02-09
389,2018-02-10
289,2018-02-11
302,2018-02-12
282,2018-02-13
338,2018-02-14
319,2018-02-15
324,2018-02-16
335,2018-02-17
279,2018-02-18
284,2018-02-19
316,2018-02-20
320,2018-02-21
354,2018-02-22
298,2018-02-23
357,2018-02-24
342,2018-02-25
296,2018-02-26
262,2018-02-27
303,2018-02-28
342,2018-03-01
304,2018-03-02
320,2018-03-03
317,2018-03-04
285,2018-03-05
244,2018-03-06
281,2018-03-07
284,2018-03-08
318,2018-03-09
302,2018-03-10
261,2018-03-11
310,2018-03-12
330,2018-03-13
312,2018-03-14
287,2018-03-15
356,2018-03-16
328,2018-03-17
294,2018-03-18
316,2018-03-19
299,2018-03-20
275,2018-03-21
312,2018-03-22
367,2018-03-23
291,2018-03-24
309,2018-03-25
267,2018-03-26
348,2018-03-27
306,2018-03-28
293,2018-03-29
327,2018-03-30
374,2018-03-31
277,2018-04-01
296,2018-04-02
278,2018-04-03
315,2018-04-04
321,2018-04-05
316,2018-04-06
313,2018-04-07
268,2018-04-08
308,2018-04-09
304,2018-04-10
350,2018-04-11
306,2018-04-12
385,2018-04-13
317,2018-04-14
268,2018-04-15
286,2018-04-16
285,2018-04-17
352,2018-04-18
329,2018-04-19
332,2018-04-20
263,2018-04-21
265,2018-04-22
270,2018-04-23
310,2018-04-24
350,2018-04-25
303,2018-04-26
317,2018-04-27
326,2018-04-28
258,2018-04-29
255,2018-04-30
242,2018-05-01
305,2018-05-02
275,2018-05-03
276,2018-05-04
287,2018-05-05
252,2018-05-06
235,2018-05-07
264,2018-05-08
258,2018-05-09
225,2018-05-10
197,2018-05-11
168,2018-05-12
132,2018-05-13
71,2018-05-14
9,2018-05-15
