date_local,avg_aqi_pm25
2/5/1999,46
2/12/1999,70
2/17/1999,41
2/23/1999,54
2/26/1999,39
3/1/1999,59
3/4/1999,47
3/7/1999,31.5
3/10/1999,32
3/13/1999,47.5
3/19/1999,48
3/22/1999,28
3/25/1999,39.5
3/28/1999,30
3/31/1999,24
4/6/1999,12
4/12/1999,48.5
4/18/1999,48
4/24/1999,56
4/30/1999,58
5/6/1999,38
5/12/1999,32
5/18/1999,17
5/24/1999,16.5
5/30/1999,39.5
6/5/1999,21.5
6/11/1999,29.5
6/17/1999,28.5
6/23/1999,19.5
6/29/1999,60
7/5/1999,52
7/11/1999,68
7/17/1999,34
7/23/1999,25
7/29/1999,18.5
8/4/1999,22.5
8/10/1999,20
8/16/1999,30
8/22/1999,58
8/28/1999,38.5
9/3/1999,45.5
9/9/1999,34.5
9/15/1999,43.5
9/21/1999,63
9/27/1999,87
10/1/1999,73
10/2/1999,65
10/3/1999,62.5
10/4/1999,51
10/5/1999,37
10/6/1999,33
10/7/1999,52
10/8/1999,58
10/9/1999,63.5
10/10/1999,68
10/11/1999,70
10/12/1999,69
10/13/1999,66
10/14/1999,57
10/15/1999,75.5
10/16/1999,97
10/17/1999,102
10/18/1999,96
10/19/1999,132
10/20/1999,143
10/21/1999,133.5
10/22/1999,113
10/24/1999,45
10/25/1999,45
10/27/1999,25
10/30/1999,63
10/31/1999,65
11/1/1999,69
11/2/1999,62
11/3/1999,59
11/4/1999,77
11/5/1999,82
11/6/1999,69
11/7/1999,19
11/8/1999,37
11/9/1999,44
11/10/1999,32
11/11/1999,51
11/12/1999,89
11/13/1999,103
11/14/1999,64
11/16/1999,29
11/17/1999,32
11/18/1999,52
11/19/1999,23
11/20/1999,31.5
11/21/1999,18
11/22/1999,35
11/23/1999,62
11/25/1999,58
11/26/1999,26.5
11/27/1999,53
11/28/1999,127
11/29/1999,75
11/30/1999,20
12/1/1999,28
12/2/1999,30.5
12/3/1999,25
12/4/1999,60
12/5/1999,101
12/6/1999,55
12/7/1999,30
12/8/1999,52
12/9/1999,25
12/10/1999,25
12/11/1999,57
12/12/1999,88
12/13/1999,24
12/14/1999,61
12/15/1999,79
12/16/1999,78
12/18/1999,69
12/19/1999,60
12/20/1999,74
12/21/1999,73
12/22/1999,55
12/23/1999,96
12/24/1999,130
12/25/1999,150
12/26/1999,156
12/27/1999,159
12/28/1999,125
12/29/1999,110
12/30/1999,116
12/31/1999,64
1/1/2000,51
1/2/2000,20
1/3/2000,53
1/4/2000,68
1/5/2000,50
1/6/2000,69
1/7/2000,111
1/8/2000,40
1/9/2000,41
1/10/2000,18
1/11/2000,16
1/12/2000,56
1/13/2000,49
1/14/2000,59
1/15/2000,52
1/16/2000,28
1/18/2000,49
1/19/2000,43
1/20/2000,33
1/21/2000,40
1/22/2000,58
1/23/2000,28
1/24/2000,20
1/25/2000,22
1/26/2000,36
1/27/2000,58
1/28/2000,63
1/29/2000,82
1/30/2000,25
1/31/2000,36
2/1/2000,51
2/3/2000,62
2/4/2000,31
2/5/2000,33
2/7/2000,72
2/8/2000,69
2/9/2000,39
2/10/2000,25
2/11/2000,29
2/12/2000,19
2/13/2000,11
2/14/2000,36
2/15/2000,58
2/16/2000,44
2/17/2000,51
2/18/2000,49
2/19/2000,52
2/20/2000,30
2/21/2000,23
2/22/2000,20
2/23/2000,29
2/24/2000,28
2/25/2000,32
2/26/2000,20
2/27/2000,25
3/1/2000,48
3/2/2000,30
3/3/2000,40
3/4/2000,30
3/5/2000,28
3/6/2000,40
3/7/2000,28
3/8/2000,26
3/9/2000,35
3/10/2000,61
3/11/2000,43
3/12/2000,55
3/13/2000,42
3/16/2000,44
3/17/2000,56
3/18/2000,63
3/19/2000,35
3/20/2000,16
3/21/2000,24
3/22/2000,52
3/23/2000,35
3/24/2000,43
3/25/2000,39
3/26/2000,34
3/27/2000,24
3/28/2000,33
3/29/2000,55
3/30/2000,60
3/31/2000,32
4/6/2000,38
4/12/2000,34
5/18/2000,56
5/24/2000,47
5/30/2000,51
6/5/2000,26
6/11/2000,30
6/17/2000,25
6/23/2000,53
6/29/2000,37
7/5/2000,14
7/11/2000,33
7/17/2000,36
7/23/2000,27
7/29/2000,21
8/4/2000,38
8/10/2000,17
8/16/2000,63
8/22/2000,34
8/28/2000,38
9/3/2000,23
9/9/2000,48
9/15/2000,28
9/21/2000,21
9/27/2000,34
10/1/2000,41
10/2/2000,40
10/3/2000,53
10/5/2000,59
10/6/2000,52
10/7/2000,43
10/8/2000,32
10/9/2000,20
10/10/2000,27
10/11/2000,40
10/12/2000,46
10/13/2000,41
10/14/2000,30
10/15/2000,31
10/16/2000,25
10/20/2000,24
10/21/2000,23
10/22/2000,15
10/23/2000,40
10/24/2000,54
10/26/2000,20
10/27/2000,31
10/28/2000,21
10/29/2000,23
10/31/2000,55
11/1/2000,58
11/2/2000,69
11/3/2000,54
11/4/2000,53
11/5/2000,27
11/6/2000,35
11/7/2000,43
11/8/2000,43
11/9/2000,21
11/10/2000,22
11/11/2000,58
11/12/2000,57
11/13/2000,38
11/14/2000,66
11/15/2000,52
11/16/2000,52
11/17/2000,64
11/18/2000,93
11/19/2000,104
11/20/2000,96
11/21/2000,87
11/23/2000,82
11/24/2000,85
11/25/2000,108
11/26/2000,93
11/28/2000,89
11/29/2000,48
11/30/2000,73
12/1/2000,72
12/2/2000,66
12/3/2000,132
12/4/2000,100
12/5/2000,97
12/6/2000,89
12/7/2000,93
12/8/2000,88
12/9/2000,67
12/10/2000,35
12/11/2000,53
12/12/2000,34
12/13/2000,37
12/14/2000,34
12/16/2000,54
12/17/2000,56
12/18/2000,59
12/19/2000,100
12/22/2000,57
12/23/2000,75
12/24/2000,60
12/25/2000,66
12/26/2000,90
12/27/2000,117
12/28/2000,72
12/29/2000,125
12/30/2000,97
12/31/2000,91
1/1/2001,153
1/2/2001,140
1/3/2001,140
1/4/2001,107
1/5/2001,124
1/6/2001,147
1/7/2001,150
1/8/2001,34
1/9/2001,39
1/10/2001,25
1/11/2001,19
1/12/2001,27
1/13/2001,24
1/14/2001,31
1/15/2001,15
1/16/2001,20
1/17/2001,32
1/18/2001,79
1/19/2001,111
1/20/2001,158
1/21/2001,162
1/22/2001,111
1/23/2001,41
1/24/2001,22
1/25/2001,38
1/26/2001,33
1/27/2001,21
1/28/2001,52
1/29/2001,25
1/30/2001,39
2/1/2001,88
2/2/2001,117
2/3/2001,76
2/6/2001,38
2/7/2001,26
2/8/2001,33
2/9/2001,18
2/10/2001,14
2/11/2001,12
2/12/2001,17
2/13/2001,23
2/14/2001,38
2/15/2001,49
2/16/2001,33
2/17/2001,25
2/18/2001,23
2/19/2001,18
2/20/2001,29
2/21/2001,20
2/22/2001,10
2/23/2001,14
2/24/2001,26
2/25/2001,23
2/26/2001,44
2/27/2001,46
2/28/2001,34
3/1/2001,56
3/2/2001,42
3/3/2001,59
3/4/2001,17
3/5/2001,30
3/6/2001,24
3/7/2001,45
3/8/2001,43
3/9/2001,42
3/10/2001,35
3/11/2001,60
3/12/2001,66
3/13/2001,46
3/14/2001,57
3/15/2001,44
3/16/2001,31
3/18/2001,30
3/19/2001,55
3/21/2001,37
3/22/2001,21
3/23/2001,22
3/24/2001,18
3/25/2001,33
3/26/2001,46
3/27/2001,51
3/30/2001,63
3/31/2001,52
4/1/2001,32
4/7/2001,20
4/13/2001,33
4/19/2001,32
4/25/2001,33
5/1/2001,56
5/7/2001,67
5/13/2001,28
5/19/2001,65
5/25/2001,23
5/31/2001,64
6/6/2001,39
6/12/2001,31
6/18/2001,67
6/24/2001,30
6/30/2001,48
7/6/2001,52
7/12/2001,25
7/18/2001,45
7/24/2001,25
7/30/2001,18
8/5/2001,20
8/11/2001,23
8/17/2001,52
8/23/2001,18
8/29/2001,28
9/4/2001,33
9/12/2001,30
9/16/2001,28
9/22/2001,45
9/25/2001,28
9/28/2001,37
10/1/2001,51
10/2/2001,39
10/4/2001,40
10/5/2001,40
10/6/2001,41
10/7/2001,42
10/8/2001,41
10/9/2001,58
10/10/2001,66
10/11/2001,34
10/12/2001,60
10/13/2001,55
10/14/2001,55
10/15/2001,63
10/16/2001,52
10/17/2001,35
10/18/2001,52
10/19/2001,65
10/20/2001,52
10/21/2001,37
10/22/2001,42
10/23/2001,47
10/24/2001,58
10/25/2001,61
10/26/2001,75
10/27/2001,63
10/28/2001,54
10/29/2001,46
10/30/2001,23
10/31/2001,35
11/1/2001,69
11/2/2001,52
11/3/2001,54
11/4/2001,46
11/5/2001,53
11/6/2001,41
11/7/2001,59
11/8/2001,86
11/9/2001,113
11/10/2001,89
11/11/2001,14
11/12/2001,13
11/14/2001,40
11/15/2001,80
11/16/2001,67
11/17/2001,46
11/18/2001,71
11/19/2001,93
11/20/2001,41
11/22/2001,41
11/23/2001,32
11/24/2001,19
11/25/2001,42
11/27/2001,28
11/28/2001,35
11/29/2001,35
11/30/2001,43
12/1/2001,19
12/2/2001,23
12/3/2001,23
12/4/2001,32
12/5/2001,25
12/6/2001,41
12/7/2001,52
12/8/2001,78
12/9/2001,18
12/10/2001,23
12/11/2001,23
12/12/2001,50
12/13/2001,54
12/14/2001,23
12/15/2001,31
12/16/2001,47
12/17/2001,20
12/18/2001,48
12/19/2001,51
12/20/2001,18
12/22/2001,43
12/23/2001,40
12/24/2001,62
1/1/2002,45
1/2/2002,15
1/3/2002,59
1/4/2002,55
1/5/2002,82
1/6/2002,103
1/7/2002,104
1/9/2002,47
1/10/2002,55
1/11/2002,103
1/12/2002,125
1/15/2002,38
1/16/2002,46
1/17/2002,78
1/18/2002,78
1/23/2002,38
1/24/2002,70
1/25/2002,73
1/26/2002,33
1/27/2002,18
1/28/2002,13
1/29/2002,45
1/30/2002,47
1/31/2002,70
2/1/2002,114
2/2/2002,81
2/3/2002,73
2/4/2002,73
2/5/2002,76
2/6/2002,68
2/8/2002,33
2/9/2002,34
2/10/2002,86
2/11/2002,84
2/12/2002,66
2/13/2002,58
2/14/2002,77
2/15/2002,30
2/16/2002,26
2/17/2002,13
2/18/2002,17
2/19/2002,15
2/20/2002,21
2/21/2002,52
2/22/2002,68
2/23/2002,15
2/24/2002,26
2/25/2002,48
2/26/2002,55
2/27/2002,57
2/28/2002,63
3/1/2002,25
3/2/2002,47
3/3/2002,54
3/4/2002,64
3/5/2002,36
3/6/2002,15
3/7/2002,16
3/8/2002,19
3/9/2002,25
3/10/2002,18
3/12/2002,30
3/13/2002,29
3/14/2002,20
3/15/2002,23
3/16/2002,16
3/17/2002,18
3/18/2002,20
3/20/2002,64
3/21/2002,33
3/22/2002,23
3/23/2002,15
3/24/2002,15
3/25/2002,19
3/26/2002,38
3/27/2002,54
3/29/2002,65
3/30/2002,59
3/31/2002,53
4/2/2002,55
4/8/2002,20
4/14/2002,25
4/20/2002,54
4/21/2002,57
4/26/2002,50
5/2/2002,32
5/8/2002,56
5/14/2002,43
5/20/2002,20
5/26/2002,18
6/1/2002,52
6/7/2002,63
6/13/2002,19
6/19/2002,51
6/25/2002,33
7/1/2002,56
7/7/2002,15
7/13/2002,28
7/19/2002,31
7/25/2002,24
7/31/2002,38
8/6/2002,41
8/12/2002,74
8/18/2002,77
8/24/2002,34
8/30/2002,45
9/5/2002,23
9/11/2002,30
9/17/2002,28
9/23/2002,40
9/29/2002,25
10/3/2002,53
10/4/2002,45
10/5/2002,52
10/6/2002,53
10/7/2002,55
10/9/2002,27
10/10/2002,27
10/11/2002,40
10/12/2002,53
10/13/2002,43
10/14/2002,50
10/15/2002,46
10/16/2002,45
10/17/2002,50
10/18/2002,36
10/19/2002,33
10/20/2002,32
10/21/2002,51
10/22/2002,24
10/23/2002,20
10/24/2002,30
10/25/2002,46
10/26/2002,45
10/27/2002,54
10/28/2002,56
10/29/2002,46
10/31/2002,54
11/1/2002,52
11/2/2002,58
11/3/2002,48
11/4/2002,29
11/5/2002,58
11/6/2002,42
11/7/2002,13
11/8/2002,19
11/9/2002,27
11/10/2002,25
11/11/2002,42
11/12/2002,51
11/13/2002,52
11/15/2002,132
11/16/2002,107
11/17/2002,50
11/18/2002,57
11/19/2002,71
11/20/2002,135
11/21/2002,157
11/22/2002,76
11/23/2002,52
11/24/2002,56
11/25/2002,53
11/27/2002,82
11/28/2002,153
11/29/2002,134
11/30/2002,126
12/1/2002,158
12/2/2002,140
12/3/2002,115
12/4/2002,145
12/5/2002,152
12/6/2002,159
12/7/2002,157
12/8/2002,156
12/9/2002,114
12/10/2002,30
12/11/2002,51
12/12/2002,75
12/13/2002,13
12/14/2002,20
12/15/2002,29
12/16/2002,35
12/17/2002,19
12/18/2002,34
12/19/2002,21
12/20/2002,23
12/21/2002,22
12/22/2002,18
12/23/2002,27
12/24/2002,65
12/25/2002,89
12/26/2002,18
12/27/2002,10
12/28/2002,13
12/29/2002,25
12/30/2002,35
1/1/2003,65
1/2/2003,64
1/3/2003,61
1/4/2003,60
1/5/2003,70
1/6/2003,36
1/7/2003,93
1/8/2003,104
1/9/2003,95
1/10/2003,18
1/11/2003,54
1/12/2003,40
1/13/2003,40
1/14/2003,33
1/15/2003,40
1/16/2003,55
1/17/2003,85
1/18/2003,102
1/19/2003,104
1/20/2003,116
1/21/2003,76
1/22/2003,52
1/25/2003,59
1/26/2003,69
1/27/2003,63
1/28/2003,39
1/29/2003,58
1/31/2003,94
2/1/2003,22
2/2/2003,28
2/4/2003,38
2/5/2003,15
2/6/2003,33
2/7/2003,30
2/8/2003,56
2/12/2003,85
2/13/2003,62
2/14/2003,15
2/15/2003,14
2/16/2003,15
2/17/2003,26
2/18/2003,30
2/19/2003,15
2/20/2003,31
2/22/2003,42
2/23/2003,51
2/24/2003,62
2/25/2003,32
2/26/2003,25
2/27/2003,23
2/28/2003,33
3/5/2003,26
3/6/2003,41
3/8/2003,25
3/9/2003,38
3/10/2003,33
3/11/2003,14
3/13/2003,11
3/14/2003,19
3/15/2003,26
3/16/2003,20
3/17/2003,18
3/18/2003,25
3/19/2003,24
3/20/2003,25
3/21/2003,32
3/22/2003,10
3/23/2003,23
3/24/2003,30
3/25/2003,27
3/26/2003,13
3/27/2003,28
3/28/2003,22
3/29/2003,39
3/30/2003,35
3/31/2003,33
4/3/2003,15
4/9/2003,32
4/15/2003,13
4/16/2003,8
4/21/2003,16
4/27/2003,16
5/3/2003,24
5/9/2003,20
5/14/2003,35
5/15/2003,43
5/21/2003,57
5/27/2003,38
6/2/2003,68
6/8/2003,18
6/14/2003,31
6/20/2003,28
6/26/2003,54
7/2/2003,38
7/8/2003,30
7/14/2003,43
7/18/2003,51
7/20/2003,44
7/26/2003,35
8/7/2003,29
8/10/2003,20
8/13/2003,31
8/19/2003,18
8/21/2003,28
8/25/2003,54
8/31/2003,30
9/6/2003,27
9/12/2003,64
9/15/2003,51
9/18/2003,52
9/24/2003,40
9/30/2003,39
10/1/2003,26
10/2/2003,33
10/4/2003,44
10/5/2003,44
10/6/2003,29
10/7/2003,21
10/8/2003,23
10/9/2003,40
10/10/2003,43
10/11/2003,55
10/12/2003,48
10/13/2003,59
10/14/2003,54
10/16/2003,25
10/17/2003,50
10/18/2003,30
10/19/2003,31
10/20/2003,39
10/21/2003,39
10/23/2003,44
10/24/2003,65
10/25/2003,58
10/26/2003,52
10/27/2003,61
10/28/2003,67
10/29/2003,40
10/30/2003,21
10/31/2003,24
11/1/2003,30
11/2/2003,23
11/3/2003,27
11/5/2003,53
11/6/2003,94
11/7/2003,78
11/8/2003,17
11/9/2003,23
11/10/2003,45
11/11/2003,43
11/12/2003,45
11/13/2003,47
11/14/2003,28
11/15/2003,23
11/16/2003,39
11/17/2003,54
11/18/2003,56
11/21/2003,18
11/22/2003,27
11/23/2003,56
11/24/2003,70
11/25/2003,40
11/26/2003,29
11/27/2003,66
11/28/2003,103
11/29/2003,68
11/30/2003,38
12/1/2003,25
12/2/2003,28
12/3/2003,65
12/4/2003,91
12/5/2003,55
12/6/2003,26
12/7/2003,15
12/8/2003,33
12/9/2003,33
12/10/2003,23
12/11/2003,35
12/12/2003,42
12/13/2003,17
12/14/2003,25
12/15/2003,41
12/16/2003,66
12/17/2003,48
12/18/2003,76
12/19/2003,97
12/20/2003,45
12/21/2003,50
12/22/2003,67
12/23/2003,50
12/24/2003,22
12/25/2003,22
12/26/2003,24
12/27/2003,59
12/28/2003,59
12/29/2003,15
12/30/2003,46
12/31/2003,60
1/1/2004,25
1/2/2004,28
1/3/2004,30
1/4/2004,55
1/5/2004,32
1/7/2004,34
1/8/2004,58
1/9/2004,47
1/10/2004,45
1/11/2004,56
1/12/2004,126
1/13/2004,93
1/14/2004,110
1/15/2004,56
1/16/2004,55
1/17/2004,66
1/18/2004,81
1/19/2004,57
1/20/2004,51
1/21/2004,47
1/22/2004,53
1/23/2004,75
1/24/2004,59
1/25/2004,27
1/26/2004,32
1/27/2004,14
1/28/2004,38
1/29/2004,53
1/30/2004,19
1/31/2004,15
2/1/2004,25
2/2/2004,19
2/3/2004,21
2/4/2004,35
2/5/2004,60
2/6/2004,48
2/7/2004,21
2/8/2004,30
2/9/2004,40
2/10/2004,27
2/11/2004,63
2/12/2004,81
2/13/2004,55
2/14/2004,47
2/15/2004,59
2/16/2004,13
2/17/2004,11
2/18/2004,26
2/19/2004,24
2/20/2004,16
2/21/2004,28
2/22/2004,34
2/23/2004,32
2/24/2004,29
2/25/2004,29
3/2/2004,15
3/3/2004,33
3/4/2004,33
3/5/2004,25
3/6/2004,26
3/7/2004,46
3/8/2004,56
3/9/2004,58
3/10/2004,51
3/11/2004,63
3/12/2004,65
3/13/2004,67
3/14/2004,56
3/15/2004,60
3/16/2004,54
3/17/2004,60
3/18/2004,53
3/19/2004,38
3/20/2004,52
3/21/2004,47
3/22/2004,30
3/23/2004,23
3/24/2004,32
3/25/2004,25
3/26/2004,25
3/27/2004,28
3/28/2004,37
3/29/2004,45
3/30/2004,25
3/31/2004,32
4/1/2004,33
4/3/2004,48
4/9/2004,53
4/15/2004,22
4/21/2004,23
4/27/2004,57
5/3/2004,26
5/9/2004,25
5/15/2004,32
5/21/2004,25
5/27/2004,8
6/2/2004,37
6/8/2004,29
6/14/2004,51
6/20/2004,35
6/26/2004,24
7/2/2004,35
7/8/2004,21
7/14/2004,30
7/20/2004,22
7/26/2004,29
7/28/2004,25
8/1/2004,21
8/3/2004,25
8/7/2004,19
8/13/2004,37
8/19/2004,19
8/25/2004,23
8/31/2004,33
9/6/2004,53
9/12/2004,24
9/18/2004,18
9/24/2004,53
9/30/2004,38
10/1/2004,37
10/2/2004,52
10/3/2004,29
10/4/2004,28
10/5/2004,25
10/6/2004,30
10/7/2004,14
10/8/2004,17
10/9/2004,23
10/13/2004,69
10/14/2004,61
10/15/2004,57
10/16/2004,35
10/17/2004,22
10/18/2004,17
10/19/2004,15
10/20/2004,19
10/21/2004,32
10/22/2004,29
10/24/2004,38
10/25/2004,22
10/26/2004,15
10/27/2004,20
10/28/2004,43
10/29/2004,63
10/30/2004,28
10/31/2004,33
11/1/2004,27
11/2/2004,70
11/3/2004,18
11/4/2004,19
11/5/2004,38
11/6/2004,53
11/7/2004,60
11/8/2004,44
11/9/2004,27
11/10/2004,30
11/11/2004,25
11/12/2004,30
11/13/2004,43
11/14/2004,71
11/15/2004,97
11/16/2004,124
11/17/2004,91
11/18/2004,94
11/19/2004,60
11/20/2004,33
11/21/2004,18
11/22/2004,39
11/23/2004,62
11/24/2004,83
11/25/2004,28
11/26/2004,87
11/27/2004,13
11/30/2004,91
12/1/2004,89
12/2/2004,42
12/3/2004,45
12/4/2004,63
12/5/2004,102
12/6/2004,24
12/7/2004,19
12/8/2004,17
12/9/2004,48
12/10/2004,62
12/11/2004,76
12/12/2004,57
12/13/2004,60
12/14/2004,68
12/15/2004,60
12/16/2004,79
12/17/2004,93
12/21/2004,75
12/23/2004,44
12/24/2004,92
12/25/2004,93
12/26/2004,30
12/27/2004,17
12/28/2004,51
12/29/2004,23
12/30/2004,17
12/31/2004,15
1/1/2005,20
1/2/2005,15
1/3/2005,23
1/5/2005,66
1/6/2005,69
1/7/2005,15
1/8/2005,15
1/9/2005,29
1/10/2005,42
1/11/2005,18
1/12/2005,55
1/13/2005,80
1/14/2005,76
1/15/2005,105
1/16/2005,91
1/17/2005,93
1/19/2005,85
1/20/2005,91
1/21/2005,87
1/22/2005,103
1/23/2005,76
1/25/2005,111
1/26/2005,45
1/27/2005,31
1/28/2005,24
1/29/2005,31
1/30/2005,37
1/31/2005,54
2/2/2005,38
2/3/2005,81
2/4/2005,121
2/5/2005,60
2/6/2005,29
2/7/2005,14
2/8/2005,24
2/9/2005,53
2/10/2005,43
2/11/2005,62
2/12/2005,55
2/13/2005,50
2/14/2005,41
2/15/2005,47
2/16/2005,34
2/17/2005,27
2/18/2005,25
2/20/2005,14
2/21/2005,15
2/22/2005,33
2/23/2005,29
2/24/2005,29
2/25/2005,27
2/26/2005,32
2/27/2005,17
2/28/2005,25
3/1/2005,28
3/2/2005,34
3/3/2005,37
3/4/2005,25
3/5/2005,43
3/6/2005,46
3/7/2005,43
3/8/2005,57
3/9/2005,59
3/10/2005,60
3/11/2005,54
3/12/2005,52
3/13/2005,33
3/14/2005,23
3/15/2005,38
3/16/2005,43
3/17/2005,43
3/18/2005,32
3/19/2005,23
3/20/2005,25
3/21/2005,23
3/22/2005,16
3/23/2005,26
3/24/2005,24
3/25/2005,18
3/26/2005,28
3/27/2005,19
3/28/2005,22
3/29/2005,24
3/30/2005,29
3/31/2005,42
4/4/2005,20
4/10/2005,34
4/16/2005,26
4/22/2005,43
4/28/2005,20
5/4/2005,20
5/10/2005,17
5/16/2005,29
5/22/2005,39
5/28/2005,27
6/3/2005,54
6/9/2005,13
6/13/2005,52
6/15/2005,28
6/21/2005,22
6/27/2005,14
7/9/2005,11
7/15/2005,30
7/18/2005,20
7/21/2005,34
7/27/2005,35
8/2/2005,40
8/8/2005,25
8/14/2005,21
8/20/2005,18
8/26/2005,55
8/27/2005,32
9/1/2005,43
9/7/2005,36
9/13/2005,28
9/19/2005,38
9/25/2005,45
10/1/2005,12
10/2/2005,19
10/3/2005,17
10/4/2005,23
10/5/2005,41
10/6/2005,47
10/7/2005,33
10/8/2005,36
10/9/2005,30
10/10/2005,52
10/11/2005,34
10/12/2005,50
10/13/2005,62
10/14/2005,31
10/15/2005,27
10/16/2005,34
10/17/2005,48
10/18/2005,33
10/19/2005,26
10/20/2005,38
10/21/2005,43
10/22/2005,30
10/23/2005,21
10/24/2005,12
10/25/2005,22
10/26/2005,24
10/27/2005,19
10/28/2005,23
10/29/2005,26
10/30/2005,30
10/31/2005,46
11/1/2005,46
11/2/2005,26
11/3/2005,16
11/4/2005,25
11/5/2005,25
11/6/2005,17
11/7/2005,19
11/8/2005,25
11/9/2005,34
11/10/2005,36
11/11/2005,25
11/12/2005,35
11/13/2005,39
11/14/2005,37
11/15/2005,32
11/17/2005,59
11/18/2005,66
11/19/2005,67
11/20/2005,88
11/21/2005,85
11/22/2005,70
11/23/2005,64
11/24/2005,51
11/30/2005,40
12/1/2005,12
12/2/2005,20
12/3/2005,19
12/4/2005,28
12/5/2005,64
12/6/2005,64
12/7/2005,91
12/8/2005,111
12/9/2005,64
12/10/2005,66
12/11/2005,94
12/12/2005,62
12/13/2005,52
12/14/2005,70
12/15/2005,77
12/16/2005,120
12/17/2005,94
12/18/2005,20
12/19/2005,36
12/20/2005,52
12/21/2005,26
12/22/2005,15
12/23/2005,51
12/25/2005,22
12/26/2005,41
12/27/2005,26
12/28/2005,23
12/29/2005,58
12/30/2005,14
12/31/2005,24
1/1/2006,22
1/2/2006,20
1/3/2006,19
1/4/2006,37
1/5/2006,63
1/6/2006,58
1/7/2006,18
1/8/2006,32
1/9/2006,55
1/10/2006,71
1/11/2006,56
1/12/2006,64
1/13/2006,68
1/14/2006,13
1/15/2006,21
1/16/2006,57
1/17/2006,45
1/18/2006,20
1/19/2006,31
1/20/2006,46
1/21/2006,48
1/22/2006,37
1/24/2006,71
1/25/2006,63
1/26/2006,25
1/27/2006,32
1/28/2006,32
1/29/2006,32
1/30/2006,33
1/31/2006,35
2/1/2006,33
2/2/2006,18
2/3/2006,56
2/4/2006,24
2/5/2006,18
2/7/2006,62
2/8/2006,61
2/9/2006,92
2/10/2006,84
2/11/2006,61
2/12/2006,52
2/13/2006,58
2/14/2006,53
2/17/2006,42
2/18/2006,34
2/19/2006,36
2/20/2006,52
2/21/2006,49
2/22/2006,52
2/23/2006,73
2/24/2006,75
2/25/2006,69
2/26/2006,64
2/27/2006,15
2/28/2006,22
3/1/2006,25
3/2/2006,20
3/3/2006,18
3/4/2006,22
3/5/2006,9
3/6/2006,17
3/7/2006,17
3/8/2006,26
3/9/2006,20
3/10/2006,17
3/11/2006,18
3/12/2006,10
3/13/2006,21
3/14/2006,18
3/15/2006,16
3/16/2006,22
3/17/2006,20
3/18/2006,21
3/19/2006,22
3/20/2006,20
3/21/2006,12
3/22/2006,33
3/23/2006,28
3/24/2006,14
3/25/2006,18
3/26/2006,20
3/27/2006,24
3/28/2006,22
3/29/2006,22
3/30/2006,18
3/31/2006,15
4/5/2006,16
4/11/2006,10
4/17/2006,14
4/23/2006,36
4/26/2006,44
4/29/2006,34
5/5/2006,41
5/11/2006,54
5/17/2006,35
5/23/2006,22
5/29/2006,19
6/2/2006,18
6/4/2006,15
6/10/2006,41
6/16/2006,43
6/22/2006,67
6/28/2006,25
7/4/2006,36
7/7/2006,39
7/10/2006,16
7/16/2006,39
7/22/2006,49
7/28/2006,23
8/3/2006,50
8/9/2006,52
8/15/2006,29
8/21/2006,34
8/27/2006,33
9/2/2006,40
9/8/2006,25
9/14/2006,48
9/20/2006,52
9/26/2006,51
10/1/2006,32
10/2/2006,26
10/3/2006,28
10/4/2006,28
10/5/2006,23
10/6/2006,36
10/7/2006,42
10/8/2006,40
10/9/2006,53
10/10/2006,44
10/11/2006,45
10/12/2006,54
10/13/2006,40
10/14/2006,40
10/15/2006,19
10/16/2006,20
10/17/2006,27
10/18/2006,35
10/19/2006,46
10/20/2006,50
10/21/2006,51
10/22/2006,62
10/23/2006,68
10/24/2006,53
10/25/2006,29
10/26/2006,56
10/27/2006,59
10/28/2006,56
10/29/2006,45
10/30/2006,37
10/31/2006,31
11/1/2006,52
11/2/2006,28
11/3/2006,38
11/4/2006,36
11/5/2006,33
11/6/2006,38
11/7/2006,25
11/8/2006,20
11/9/2006,26
11/10/2006,35
11/11/2006,19
11/12/2006,27
11/13/2006,22
11/14/2006,28
11/16/2006,33
11/17/2006,32
11/18/2006,55
11/19/2006,78
11/20/2006,84
11/21/2006,33
11/22/2006,31
11/23/2006,14
11/24/2006,25
11/25/2006,22
11/26/2006,25
11/27/2006,15
11/28/2006,16
11/29/2006,24
11/30/2006,59
12/1/2006,71
12/2/2006,51
12/3/2006,98
12/4/2006,70
12/5/2006,74
12/6/2006,104
12/7/2006,105
12/8/2006,74
12/9/2006,15
12/10/2006,43
12/11/2006,52
12/12/2006,23
12/13/2006,35
12/14/2006,32
12/15/2006,22
12/16/2006,27
12/18/2006,58
12/21/2006,76
12/22/2006,62
12/23/2006,64
12/24/2006,94
12/25/2006,147
12/26/2006,53
12/27/2006,26
12/28/2006,28
12/29/2006,54
12/30/2006,64
12/31/2006,79
1/1/2007,82
1/2/2007,70
1/3/2007,52
1/4/2007,12
1/5/2007,14
1/6/2007,27
1/7/2007,35
1/8/2007,56
1/9/2007,83
1/10/2007,54
1/11/2007,11
1/12/2007,14
1/13/2007,21
1/14/2007,63
1/15/2007,51
1/16/2007,60
1/17/2007,54
1/18/2007,64
1/19/2007,68
1/20/2007,60
1/21/2007,23
1/22/2007,26
1/24/2007,123
1/25/2007,95
1/26/2007,101
1/27/2007,94
1/28/2007,81
1/29/2007,69
1/30/2007,55
1/31/2007,51
2/1/2007,38
2/2/2007,74
2/3/2007,104
2/4/2007,108
2/5/2007,125
2/6/2007,68
2/7/2007,26
2/8/2007,32
2/9/2007,15
2/10/2007,10
2/11/2007,17
2/12/2007,26
2/13/2007,24
2/14/2007,38
2/15/2007,40
2/16/2007,41
2/17/2007,23
2/18/2007,29
2/19/2007,25
2/20/2007,14
2/21/2007,9
2/22/2007,10
2/23/2007,14
2/24/2007,13
2/25/2007,25
2/26/2007,15
2/27/2007,15
2/28/2007,18
3/1/2007,42
3/2/2007,15
3/3/2007,29
3/4/2007,53
3/5/2007,43
3/6/2007,45
3/7/2007,22
3/8/2007,20
3/9/2007,24
3/10/2007,23
3/11/2007,32
3/12/2007,47
3/13/2007,28
3/14/2007,32
3/15/2007,44
3/16/2007,54
3/17/2007,21
3/18/2007,14
3/19/2007,12
3/20/2007,17
3/21/2007,32
3/22/2007,41
3/23/2007,43
3/24/2007,19
3/25/2007,6
3/26/2007,8
3/27/2007,27
3/28/2007,36
3/29/2007,45
3/30/2007,47
3/31/2007,28
4/1/2007,20
4/6/2007,13
4/12/2007,23
4/18/2007,18
4/24/2007,24
4/30/2007,42
5/6/2007,27
5/12/2007,31
5/18/2007,29
5/24/2007,53
5/30/2007,27
6/5/2007,19
6/11/2007,43
6/17/2007,48
6/23/2007,33
6/29/2007,16
7/5/2007,36
7/11/2007,10
7/17/2007,14
7/23/2007,11
7/28/2007,18
7/29/2007,18
7/31/2007,37
8/2/2007,40
8/4/2007,25
8/10/2007,33
8/16/2007,16
8/22/2007,43
8/28/2007,30
9/3/2007,14
9/9/2007,44
9/15/2007,22
9/21/2007,35
9/27/2007,47
10/1/2007,23
10/2/2007,37
10/3/2007,27
10/4/2007,21
10/5/2007,22
10/6/2007,35
10/7/2007,30
10/8/2007,33
10/9/2007,14
10/10/2007,20
10/11/2007,30
10/12/2007,27
10/13/2007,30
10/14/2007,32
10/15/2007,29
10/16/2007,17
10/17/2007,31
10/18/2007,29
10/19/2007,20
10/20/2007,23
10/21/2007,33
10/22/2007,44
10/23/2007,54
10/24/2007,54
10/25/2007,50
10/26/2007,53
10/27/2007,54
10/28/2007,62
10/29/2007,53
10/30/2007,42
10/31/2007,42
11/1/2007,51
11/2/2007,62
11/3/2007,56
11/4/2007,52
11/5/2007,68
11/6/2007,59
11/7/2007,70
11/8/2007,53
11/9/2007,52
11/10/2007,54
11/11/2007,28
11/12/2007,42
11/13/2007,38
11/14/2007,37
11/15/2007,28
11/16/2007,17
11/17/2007,25
11/18/2007,43
11/19/2007,31
11/20/2007,33
11/21/2007,44
11/22/2007,52
11/23/2007,38
11/24/2007,59
11/25/2007,82
11/26/2007,81
11/27/2007,54
11/28/2007,43
11/29/2007,55
11/30/2007,23
12/1/2007,20
12/2/2007,13
12/3/2007,19
12/4/2007,61
12/5/2007,64
12/6/2007,39
12/7/2007,25
12/8/2007,13
12/9/2007,20
12/10/2007,33
12/11/2007,21
12/12/2007,59
12/13/2007,65
12/14/2007,68
12/15/2007,40
12/16/2007,29
12/17/2007,19
12/18/2007,20
12/19/2007,28
12/20/2007,15
12/21/2007,25
12/22/2007,44
12/23/2007,48
12/24/2007,25
12/25/2007,17
12/26/2007,14
12/27/2007,17
12/28/2007,68
12/29/2007,48
12/30/2007,25
12/31/2007,20
1/1/2008,66
1/2/2008,68
1/3/2008,30
1/4/2008,19
1/5/2008,24
1/6/2008,18
1/7/2008,25
1/8/2008,25
1/9/2008,56
1/10/2008,61
1/11/2008,66
1/12/2008,63
1/13/2008,40
1/14/2008,87
1/16/2008,30
1/19/2008,82
1/22/2008,26
1/25/2008,8
1/28/2008,12
1/31/2008,23
2/3/2008,20
2/6/2008,23
2/9/2008,48
2/12/2008,33
2/15/2008,43
2/18/2008,20
2/21/2008,18
2/24/2008,34
2/27/2008,33
3/1/2008,18
3/4/2008,45
3/7/2008,51
3/10/2008,32
3/13/2008,12
3/16/2008,17
3/19/2008,25
3/22/2008,34
3/25/2008,18
3/28/2008,16
3/31/2008,28
4/6/2008,14
4/12/2008,56
4/18/2008,49
4/24/2008,24
4/30/2008,19
5/6/2008,52
5/12/2008,55
5/18/2008,25
5/21/2008,36
5/24/2008,35
5/30/2008,23
6/5/2008,30
6/11/2008,52
6/17/2008,52
6/23/2008,56
6/29/2008,38
7/5/2008,19
7/11/2008,41
7/17/2008,40
7/23/2008,51
7/29/2008,29
8/4/2008,26
8/10/2008,29
8/16/2008,13
8/22/2008,33
8/28/2008,55
9/3/2008,59
9/9/2008,24
9/15/2008,48
9/21/2008,28
9/27/2008,34
10/3/2008,24
10/6/2008,32
10/9/2008,37
10/15/2008,56
10/16/2008,54
10/21/2008,34
10/22/2008,50
10/24/2008,65
10/27/2008,56
10/30/2008,62
11/2/2008,18
11/5/2008,31
11/8/2008,23
11/11/2008,23
11/14/2008,33
11/19/2008,45
11/20/2008,32
11/23/2008,64
11/26/2008,69
11/29/2008,73
12/2/2008,45
12/5/2008,76
12/8/2008,65
12/11/2008,72
12/14/2008,20
12/17/2008,27
12/20/2008,29
1/1/2009,82
1/4/2009,46
1/7/2009,86
1/10/2009,39
1/13/2009,37
1/16/2009,75
1/19/2009,54
1/22/2009,59
1/25/2009,16
1/28/2009,43
1/31/2009,68
2/3/2009,93
2/6/2009,19
2/9/2009,18
2/12/2009,17
2/15/2009,11
2/18/2009,27
2/21/2009,54
2/24/2009,23
2/27/2009,19
3/2/2009,16
3/5/2009,15
3/11/2009,25
3/14/2009,18
3/17/2009,18
3/20/2009,18
3/23/2009,17
3/26/2009,33
3/29/2009,30
4/1/2009,39
4/7/2009,30
4/13/2009,37
4/19/2009,51
4/25/2009,48
5/1/2009,23
5/7/2009,32
5/13/2009,44
5/19/2009,29
5/25/2009,54
6/6/2009,21
6/7/2009,19
6/12/2009,23
6/18/2009,42
6/24/2009,44
6/30/2009,47
7/6/2009,33
7/12/2009,28
7/18/2009,28
7/24/2009,9
7/30/2009,8
8/5/2009,21
8/11/2009,11
8/17/2009,41
8/23/2009,49
8/29/2009,53
9/4/2009,23
9/10/2009,28
9/16/2009,18
9/22/2009,23
10/1/2009,53
10/2/2009,61
10/3/2009,54
10/4/2009,50
10/5/2009,52
10/6/2009,56
10/7/2009,55
10/8/2009,41
10/9/2009,45
10/10/2009,51
10/11/2009,44
10/12/2009,34
10/13/2009,21
10/14/2009,40
10/15/2009,49
10/16/2009,41
10/17/2009,23
10/18/2009,25
10/19/2009,30
10/20/2009,48
10/21/2009,30
10/22/2009,56
10/23/2009,62
10/24/2009,44
10/25/2009,59
10/26/2009,53
10/27/2009,23
10/28/2009,25
10/29/2009,52
10/30/2009,53
10/31/2009,47
11/1/2009,52
11/2/2009,55
11/3/2009,67
11/4/2009,49
11/5/2009,27
11/6/2009,28
11/7/2009,40
11/8/2009,39
11/9/2009,56
11/10/2009,57
11/11/2009,45
11/12/2009,41
11/13/2009,34
11/14/2009,52
11/15/2009,57
11/16/2009,64
11/17/2009,56
11/18/2009,33
11/19/2009,54
11/20/2009,30
11/21/2009,31
11/22/2009,33
11/23/2009,54
11/24/2009,61
11/25/2009,68
11/26/2009,74
11/27/2009,35
11/28/2009,33
11/29/2009,39
11/30/2009,67
12/1/2009,87
12/2/2009,59
12/3/2009,63
12/4/2009,87
12/5/2009,60
12/6/2009,50
12/7/2009,31
12/8/2009,52
12/9/2009,68
12/10/2009,85
12/11/2009,66
12/12/2009,27
12/13/2009,31
12/14/2009,54
12/15/2009,47
12/16/2009,54
12/17/2009,61
12/18/2009,61
12/19/2009,101
12/20/2009,78
12/21/2009,43
12/22/2009,22
12/23/2009,42
12/24/2009,62
12/25/2009,88
12/26/2009,83
12/27/2009,65
12/28/2009,38
12/29/2009,54
12/30/2009,42
12/31/2009,62
1/1/2010,
1/2/2010,48
1/3/2010,61
1/4/2010,81
1/5/2010,103
1/6/2010,115
1/7/2010,125
1/8/2010,97
1/9/2010,71
1/10/2010,79
1/11/2010,76
1/12/2010,19
1/13/2010,46
1/14/2010,60
1/15/2010,77
1/16/2010,91
1/17/2010,19
1/18/2010,34
1/19/2010,47
1/20/2010,30
1/21/2010,28
1/22/2010,28
1/23/2010,42
1/24/2010,38
1/25/2010,25
1/26/2010,47
1/27/2010,48
1/28/2010,71
1/29/2010,70
1/30/2010,43
1/31/2010,
2/1/2010,61
2/2/2010,55
2/3/2010,51
2/4/2010,40
2/5/2010,34
2/6/2010,24
2/7/2010,31
2/8/2010,39
2/9/2010,30
2/10/2010,36
2/11/2010,35
2/12/2010,24
2/13/2010,54
2/14/2010,56
2/15/2010,59
2/16/2010,55
2/17/2010,58
2/18/2010,56
2/19/2010,45
2/20/2010,32
2/21/2010,23
2/22/2010,45
2/23/2010,41
2/24/2010,25
2/25/2010,47
2/26/2010,33
2/27/2010,34
2/28/2010,53
3/1/2010,42
3/2/2010,28
3/3/2010,25
3/4/2010,33
3/5/2010,35
3/6/2010,43
3/7/2010,48
3/8/2010,31
3/9/2010,27
3/10/2010,35
3/11/2010,46
3/12/2010,44
3/15/2010,
3/16/2010,68
3/17/2010,64
3/18/2010,62
3/19/2010,43
3/20/2010,57
3/21/2010,51
3/22/2010,43
3/23/2010,53
3/24/2010,50
3/25/2010,34
3/26/2010,34
3/27/2010,48
3/28/2010,54
3/29/2010,37
3/30/2010,40
3/31/2010,25
4/1/2010,30
4/2/2010,40
4/3/2010,43
4/4/2010,33
4/5/2010,35
4/6/2010,41
4/7/2010,48
4/8/2010,59
4/9/2010,58
4/10/2010,56
4/11/2010,41
4/12/2010,33
4/13/2010,53
4/14/2010,48
4/15/2010,42
4/16/2010,33
4/17/2010,36
4/18/2010,45
4/19/2010,47
4/20/2010,29
4/21/2010,44
4/22/2010,59
4/23/2010,76
4/24/2010,60
4/25/2010,61
4/26/2010,53
4/27/2010,35
4/28/2010,34
4/29/2010,29
4/30/2010,45
5/1/2010,55
5/2/2010,56
5/3/2010,58
5/4/2010,55
5/5/2010,53
5/6/2010,38
5/7/2010,52
5/8/2010,42
5/9/2010,26
5/10/2010,31
5/11/2010,35
5/12/2010,60
5/13/2010,60
5/14/2010,52
5/15/2010,39
5/16/2010,35
5/17/2010,31
5/18/2010,27
5/19/2010,38
5/20/2010,42
5/21/2010,34
5/22/2010,28
5/23/2010,34
5/24/2010,25
5/25/2010,24
5/26/2010,33
5/27/2010,30
5/28/2010,30
5/29/2010,41
5/30/2010,57
5/31/2010,34
6/1/2010,33
6/2/2010,22
6/3/2010,25
6/4/2010,26
6/5/2010,29
6/6/2010,25
6/7/2010,41
6/8/2010,46
6/9/2010,34
6/10/2010,49
6/11/2010,57
6/12/2010,45
6/13/2010,68
6/14/2010,73
6/15/2010,70
6/16/2010,64
6/17/2010,60
6/18/2010,56
6/19/2010,45
6/20/2010,53
6/21/2010,60
6/22/2010,52
6/23/2010,35
6/24/2010,35
6/25/2010,29
6/26/2010,52
6/27/2010,62
6/28/2010,62
6/29/2010,60
6/30/2010,60
7/1/2010,56
7/2/2010,55
7/3/2010,68
7/4/2010,68
7/5/2010,55
7/6/2010,39
7/7/2010,44
7/8/2010,40
7/9/2010,35
7/10/2010,30
7/11/2010,34
7/12/2010,39
7/13/2010,32
7/14/2010,40
7/15/2010,38
7/16/2010,52
7/17/2010,55
7/18/2010,62
7/19/2010,
7/20/2010,15
7/21/2010,15
7/22/2010,14
7/23/2010,
7/24/2010,27
7/25/2010,28
7/26/2010,32
7/27/2010,22
7/28/2010,17
7/29/2010,16
7/30/2010,19
7/31/2010,32
8/1/2010,26
8/2/2010,12
8/3/2010,13
8/4/2010,
8/5/2010,13
8/6/2010,11
8/7/2010,14
8/8/2010,7
8/9/2010,16
8/10/2010,20
8/11/2010,5
8/12/2010,7
8/13/2010,15
8/14/2010,16
8/15/2010,13
8/16/2010,12
8/17/2010,7
8/18/2010,13
8/19/2010,26
8/20/2010,20
8/21/2010,23
8/22/2010,38
8/23/2010,58
8/24/2010,58
8/25/2010,63
8/26/2010,42
8/27/2010,56
8/28/2010,37
8/29/2010,45
8/30/2010,29
8/31/2010,30
9/1/2010,46
9/2/2010,47
9/3/2010,15
9/4/2010,25
9/5/2010,64
9/6/2010,67
9/7/2010,36
9/8/2010,27
9/9/2010,40
9/10/2010,50
9/11/2010,33
9/13/2010,
9/14/2010,27
9/15/2010,14
9/16/2010,10
9/17/2010,8
9/18/2010,6
9/19/2010,9
9/20/2010,26
9/21/2010,34
9/22/2010,27
9/23/2010,36
9/24/2010,49
9/25/2010,39
9/26/2010,31
9/27/2010,55
9/28/2010,56
9/29/2010,37
9/30/2010,18
10/1/2010,23
10/2/2010,19
10/3/2010,22
10/4/2010,50
10/5/2010,59
10/6/2010,54
10/7/2010,39
10/8/2010,45
10/9/2010,34
10/10/2010,26
10/11/2010,60
10/12/2010,59
10/13/2010,58
10/14/2010,62
10/15/2010,52
10/16/2010,46
10/17/2010,47
10/18/2010,55
10/19/2010,67
10/20/2010,52
10/21/2010,35
10/22/2010,35
10/23/2010,20
10/24/2010,8
10/25/2010,50
10/26/2010,40
10/27/2010,39
10/28/2010,37
10/29/2010,49
10/30/2010,21
10/31/2010,27
11/1/2010,40
11/2/2010,56
11/3/2010,74
11/4/2010,66
11/5/2010,40
11/6/2010,25
11/7/2010,21
11/8/2010,23
11/9/2010,22
11/10/2010,26
11/11/2010,25
11/12/2010,49
11/13/2010,52
11/14/2010,38
11/15/2010,39
11/16/2010,57
11/17/2010,57
11/18/2010,51
11/19/2010,28
11/20/2010,19
11/21/2010,18
11/22/2010,21
11/23/2010,16
11/24/2010,13
11/25/2010,15
11/26/2010,54
11/27/2010,11
11/28/2010,20
11/29/2010,21
11/30/2010,60
12/1/2010,72
12/2/2010,77
12/3/2010,75
12/4/2010,67
12/5/2010,52
12/6/2010,33
12/7/2010,49
12/8/2010,38
12/9/2010,47
12/10/2010,16
12/11/2010,40
12/12/2010,69
12/13/2010,76
12/14/2010,32
12/15/2010,40
12/16/2010,46
12/17/2010,34
12/18/2010,12
12/19/2010,14
12/20/2010,13
12/21/2010,8
12/22/2010,16
12/23/2010,30
12/24/2010,45
12/25/2010,35
12/26/2010,15
12/27/2010,35
12/28/2010,39
12/29/2010,19
12/30/2010,10
12/31/2010,33
1/1/2011,24
1/2/2011,21
1/3/2011,52
1/4/2011,46
1/5/2011,44
1/6/2011,66
1/7/2011,75
1/8/2011,68
1/9/2011,38
1/10/2011,41
1/11/2011,66
1/12/2011,65
1/13/2011,73
1/14/2011,44
1/15/2011,40
1/16/2011,70
1/17/2011,69
1/18/2011,56
1/19/2011,35
1/20/2011,35
1/21/2011,83
1/22/2011,79
1/23/2011,30
1/24/2011,76
1/25/2011,68
1/26/2011,65
1/27/2011,71
1/28/2011,67
1/29/2011,16
1/30/2011,23
1/31/2011,40
2/1/2011,34
2/2/2011,15
2/3/2011,55
2/4/2011,60
2/5/2011,54
2/6/2011,26
2/7/2011,53
2/8/2011,7
2/9/2011,13
2/10/2011,39
2/11/2011,59
2/12/2011,70
2/13/2011,56
2/14/2011,13
2/15/2011,14
2/16/2011,16
2/17/2011,9
2/18/2011,22
2/19/2011,10
2/20/2011,20
2/21/2011,15
2/22/2011,23
2/23/2011,30
2/24/2011,14
2/25/2011,9
2/26/2011,11
2/27/2011,26
2/28/2011,25
3/1/2011,25
3/2/2011,17
3/3/2011,29
3/4/2011,35
3/5/2011,30
3/6/2011,17
3/7/2011,17
3/8/2011,19
3/9/2011,43
3/10/2011,33
3/11/2011,29
3/12/2011,21
3/13/2011,24
3/14/2011,23
3/15/2011,21
3/16/2011,38
3/17/2011,43
3/18/2011,28
3/19/2011,11
3/20/2011,16
3/21/2011,21
3/22/2011,13
3/23/2011,15
3/24/2011,19
3/25/2011,18
3/26/2011,18
3/27/2011,22
3/28/2011,13
3/29/2011,28
3/30/2011,28
3/31/2011,44
4/1/2011,47
4/2/2011,42
4/3/2011,28
4/4/2011,37
4/5/2011,45
4/6/2011,44
4/7/2011,17
4/8/2011,9
4/9/2011,40
4/10/2011,24
4/11/2011,28
4/12/2011,25
4/13/2011,20
4/14/2011,25
4/15/2011,28
4/16/2011,10
4/17/2011,5
4/18/2011,18
4/19/2011,16
4/20/2011,17
4/21/2011,20
4/22/2011,30
4/23/2011,19
4/24/2011,10
4/25/2011,24
4/26/2011,29
4/27/2011,29
4/28/2011,24
4/29/2011,13
4/30/2011,21
5/1/2011,33
5/2/2011,37
5/3/2011,40
5/4/2011,55
5/5/2011,62
5/6/2011,30
5/7/2011,25
5/8/2011,10
5/9/2011,25
5/10/2011,45
5/11/2011,20
5/12/2011,25
5/13/2011,35
5/14/2011,27
5/15/2011,8
5/16/2011,14
5/17/2011,15
5/18/2011,20
5/19/2011,52
5/20/2011,51
5/21/2011,43
5/22/2011,36
5/23/2011,39
5/24/2011,31
5/25/2011,27
5/26/2011,20
5/27/2011,30
5/28/2011,25
5/29/2011,29
5/30/2011,18
5/31/2011,14
6/1/2011,9
6/2/2011,12
6/3/2011,23
6/4/2011,13
6/5/2011,17
6/6/2011,25
6/7/2011,28
6/8/2011,51
6/9/2011,44
6/10/2011,50
6/11/2011,25
6/12/2011,19
6/13/2011,18
6/14/2011,44
6/15/2011,65
6/16/2011,63
6/17/2011,56
6/18/2011,39
6/19/2011,44
6/20/2011,61
6/21/2011,52
6/22/2011,23
6/23/2011,49
6/24/2011,52
6/25/2011,49
6/26/2011,43
6/27/2011,19
6/28/2011,11
6/29/2011,12
6/30/2011,22
7/1/2011,48
7/2/2011,53
7/3/2011,59
7/4/2011,57
7/5/2011,35
7/6/2011,22
7/7/2011,15
7/8/2011,52
7/9/2011,53
7/10/2011,47
7/11/2011,12
7/12/2011,10
7/13/2011,19
7/14/2011,17
7/15/2011,9
7/16/2011,5
7/17/2011,4
7/18/2011,5
7/19/2011,10
7/20/2011,40
7/21/2011,
7/25/2011,
7/26/2011,13
7/27/2011,18
7/28/2011,23
7/29/2011,18
7/30/2011,25
7/31/2011,18
8/1/2011,20
8/2/2011,16
8/3/2011,20
8/4/2011,6
8/5/2011,9
8/6/2011,8
8/7/2011,21
8/8/2011,24
8/9/2011,44
8/10/2011,41
8/11/2011,17
8/12/2011,39
8/13/2011,43
8/14/2011,30
8/15/2011,28
8/16/2011,25
8/17/2011,31
8/18/2011,48
8/19/2011,35
8/20/2011,22
8/21/2011,11
8/22/2011,18
8/23/2011,32
8/24/2011,13
8/25/2011,9
8/26/2011,16
8/27/2011,15
8/28/2011,15
8/29/2011,49
8/30/2011,42
8/31/2011,57
9/1/2011,62
9/2/2011,56
9/3/2011,37
9/4/2011,40
9/5/2011,43
9/6/2011,36
9/7/2011,29
9/8/2011,31
9/9/2011,35
9/10/2011,44
9/11/2011,39
9/12/2011,35
9/13/2011,38
9/14/2011,40
9/15/2011,51
9/16/2011,49
9/17/2011,48
9/18/2011,47
9/19/2011,51
9/20/2011,49
9/21/2011,42
9/22/2011,38
9/23/2011,28
9/24/2011,13
9/25/2011,22
9/26/2011,33
9/27/2011,50
9/28/2011,67
9/29/2011,44
9/30/2011,33
10/1/2011,18
10/2/2011,21
10/3/2011,23
10/4/2011,25
10/5/2011,28
10/6/2011,28
10/7/2011,42
10/8/2011,43
10/9/2011,31
10/10/2011,10
10/11/2011,15
10/12/2011,54
10/13/2011,65
10/14/2011,65
10/15/2011,49
10/16/2011,44
10/17/2011,57
10/18/2011,38
10/19/2011,55
10/20/2011,49
10/21/2011,51
10/22/2011,55
10/23/2011,60
10/24/2011,57
10/25/2011,59
10/26/2011,59
10/27/2011,60
10/28/2011,59
10/29/2011,52
10/30/2011,55
10/31/2011,47
11/1/2011,34
11/2/2011,36
11/3/2011,29
11/4/2011,31
11/5/2011,29
11/6/2011,25
11/7/2011,35
11/8/2011,48
11/9/2011,74
11/10/2011,75
11/11/2011,52
11/12/2011,57
11/13/2011,44
11/14/2011,47
11/15/2011,54
11/16/2011,54
11/17/2011,20
11/18/2011,28
11/19/2011,25
11/20/2011,19
11/21/2011,51
11/22/2011,33
11/23/2011,24
11/24/2011,21
11/25/2011,38
11/26/2011,55
11/27/2011,76
11/28/2011,76
11/29/2011,56
11/30/2011,43
12/1/2011,14
12/2/2011,34
12/3/2011,22
12/4/2011,48
12/5/2011,51
12/6/2011,80
12/7/2011,75
12/8/2011,79
12/9/2011,98
12/10/2011,101
12/11/2011,43
12/12/2011,70
12/13/2011,79
12/14/2011,63
12/15/2011,48
12/16/2011,55
12/17/2011,82
12/18/2011,56
12/19/2011,49
12/20/2011,66
12/21/2011,81
12/22/2011,23
12/23/2011,62
12/24/2011,87
12/25/2011,131
12/26/2011,85
12/27/2011,54
12/28/2011,59
12/29/2011,52
12/30/2011,22
12/31/2011,25
1/1/2012,68
1/2/2012,67
1/3/2012,67
1/4/2012,55
1/5/2012,55
1/6/2012,63
1/7/2012,35
1/8/2012,23
1/9/2012,87
1/10/2012,101
1/11/2012,71
1/12/2012,52
1/13/2012,71
1/14/2012,76
1/15/2012,33
1/16/2012,15
1/17/2012,33
1/18/2012,43
1/19/2012,52
1/20/2012,13
1/21/2012,35
1/22/2012,31
1/23/2012,26
1/24/2012,44
1/25/2012,53
1/26/2012,27
1/27/2012,45
1/28/2012,39
1/29/2012,65
1/30/2012,44
1/31/2012,28
2/1/2012,31
2/2/2012,38
2/3/2012,57
2/4/2012,71
2/5/2012,55
2/6/2012,59
2/7/2012,35
2/8/2012,62
2/9/2012,55
2/10/2012,53
2/11/2012,21
2/12/2012,35
2/13/2012,42
2/14/2012,46
2/15/2012,24
2/16/2012,30
2/17/2012,40
2/18/2012,35
2/19/2012,33
2/20/2012,39
2/21/2012,52
2/22/2012,
2/23/2012,
2/24/2012,
2/27/2012,
2/28/2012,24
2/29/2012,23
3/1/2012,23
3/2/2012,33
3/3/2012,45
3/4/2012,45
3/5/2012,18
3/6/2012,18
3/7/2012,17
3/8/2012,45
3/9/2012,52
3/10/2012,28
3/11/2012,30
3/12/2012,43
3/13/2012,17
3/14/2012,15
3/15/2012,15
3/16/2012,18
3/17/2012,24
3/18/2012,26
3/19/2012,25
3/20/2012,35
3/21/2012,37
3/22/2012,21
3/23/2012,21
3/24/2012,13
3/25/2012,15
3/26/2012,20
3/27/2012,20
3/28/2012,42
3/29/2012,51
3/30/2012,40
3/31/2012,34
4/1/2012,42
4/2/2012,38
4/3/2012,35
4/4/2012,26
4/5/2012,23
4/6/2012,29
4/7/2012,32
4/8/2012,27
4/9/2012,38
4/10/2012,20
4/11/2012,14
4/12/2012,34
4/13/2012,17
4/14/2012,30
4/15/2012,34
4/16/2012,
4/17/2012,
4/18/2012,23
4/19/2012,21
4/20/2012,31
4/21/2012,47
4/22/2012,20
4/23/2012,15
4/24/2012,16
4/25/2012,20
4/26/2012,17
4/27/2012,26
4/28/2012,48
4/29/2012,53
4/30/2012,45
5/1/2012,39
5/2/2012,37
5/3/2012,14
5/4/2012,32
5/5/2012,54
5/6/2012,58
5/7/2012,68
5/8/2012,62
5/9/2012,70
5/10/2012,69
5/11/2012,68
5/12/2012,40
5/13/2012,48
5/14/2012,42
5/15/2012,38
5/16/2012,45
5/17/2012,65
5/18/2012,66
5/19/2012,59
5/20/2012,38
5/21/2012,17
5/22/2012,26
5/23/2012,38
5/24/2012,40
5/25/2012,42
5/26/2012,45
5/27/2012,30
5/28/2012,20
5/29/2012,34
5/30/2012,44
5/31/2012,48
6/1/2012,33
6/2/2012,12
6/3/2012,19
6/4/2012,18
6/5/2012,23
6/6/2012,28
6/7/2012,33
6/8/2012,
6/12/2012,
6/13/2012,48
6/14/2012,72
6/15/2012,67
6/16/2012,65
6/17/2012,38
6/18/2012,37
6/19/2012,60
6/20/2012,64
6/21/2012,37
6/22/2012,16
6/23/2012,12
6/24/2012,15
6/25/2012,17
6/26/2012,18
6/27/2012,34
6/28/2012,20
6/29/2012,17
6/30/2012,13
7/1/2012,25
7/2/2012,48
7/3/2012,52
7/4/2012,54
7/5/2012,35
7/6/2012,32
7/7/2012,37
7/8/2012,20
7/9/2012,
7/11/2012,
7/12/2012,
7/18/2012,
7/19/2012,13
7/20/2012,16
7/21/2012,35
7/22/2012,42
7/23/2012,42
7/24/2012,37
7/25/2012,19
7/26/2012,5
7/27/2012,2
7/28/2012,7
7/29/2012,20
7/30/2012,41
7/31/2012,38
8/1/2012,35
8/2/2012,31
8/3/2012,5
8/4/2012,5
8/5/2012,5
8/6/2012,8
8/7/2012,17
8/8/2012,32
8/9/2012,30
8/10/2012,38
8/11/2012,29
8/12/2012,11
8/13/2012,11
8/14/2012,16
8/15/2012,45
8/16/2012,10
8/17/2012,10
8/18/2012,7
8/19/2012,10
8/20/2012,13
8/21/2012,23
8/22/2012,16
8/23/2012,19
8/24/2012,43
8/25/2012,23
8/26/2012,15
8/27/2012,25
8/28/2012,21
8/29/2012,39
8/30/2012,32
8/31/2012,29
9/1/2012,25
9/2/2012,40
9/3/2012,25
9/4/2012,15
9/5/2012,33
9/6/2012,36
9/7/2012,18
9/8/2012,21
9/9/2012,25
9/10/2012,40
9/11/2012,57
9/12/2012,38
9/13/2012,20
9/14/2012,35
9/15/2012,20
9/16/2012,27
9/17/2012,29
9/18/2012,22
9/19/2012,38
9/20/2012,44
9/21/2012,44
9/22/2012,50
9/23/2012,30
9/24/2012,31
9/25/2012,45
9/26/2012,47
9/27/2012,35
9/28/2012,14
9/29/2012,32
9/30/2012,36
10/1/2012,60
10/2/2012,64
10/3/2012,60
10/4/2012,49
10/5/2012,35
10/6/2012,31
10/7/2012,22
10/8/2012,22
10/9/2012,28
10/10/2012,33
10/11/2012,39
10/12/2012,10
10/13/2012,21
10/14/2012,
10/15/2012,19
10/16/2012,23
10/17/2012,42
10/18/2012,35
10/19/2012,1
10/20/2012,15
10/21/2012,15
10/22/2012,4
10/23/2012,8
10/24/2012,6
10/25/2012,10
10/26/2012,22
10/27/2012,30
10/28/2012,22
10/29/2012,18
10/30/2012,8
10/31/2012,3
11/1/2012,14
11/2/2012,29
11/3/2012,34
11/4/2012,52
11/5/2012,53
11/6/2012,69
11/7/2012,28
11/8/2012,5
11/9/2012,6
11/10/2012,12
11/11/2012,36
11/12/2012,42
11/13/2012,41
11/14/2012,48
11/15/2012,62
11/16/2012,54
11/17/2012,7
11/18/2012,14
11/19/2012,21
11/20/2012,13
11/21/2012,16
11/22/2012,26
11/23/2012,34
11/24/2012,34
11/25/2012,32
11/26/2012,58
11/27/2012,59
11/28/2012,15
11/29/2012,8
11/30/2012,7
12/1/2012,10
12/2/2012,14
12/3/2012,39
12/4/2012,38
12/5/2012,26
12/6/2012,23
12/7/2012,26
12/8/2012,51
12/9/2012,36
12/10/2012,33
12/11/2012,33
12/12/2012,10
12/13/2012,17
12/14/2012,26
12/15/2012,42
12/16/2012,18
12/17/2012,14
12/18/2012,13
12/19/2012,22
12/20/2012,13
12/21/2012,7
12/22/2012,15
12/23/2012,8
12/24/2012,19
12/25/2012,28
12/26/2012,17
12/27/2012,15
12/28/2012,38
12/29/2012,34
12/30/2012,41
12/31/2012,25
1/1/2013,47
1/2/2013,51
1/3/2013,67
1/4/2013,56
1/5/2013,61
1/6/2013,29
1/7/2013,58
1/8/2013,70
1/9/2013,58
1/10/2013,3
1/11/2013,10
1/12/2013,18
1/13/2013,11
1/14/2013,13
1/15/2013,51
1/16/2013,84
1/17/2013,76
1/18/2013,68
1/19/2013,44
1/20/2013,42
1/21/2013,63
1/22/2013,80
1/23/2013,105
1/24/2013,71
1/25/2013,57
1/26/2013,15
1/27/2013,13
1/28/2013,9
1/29/2013,30
1/30/2013,52
1/31/2013,72
2/1/2013,77
2/2/2013,63
2/3/2013,33
2/4/2013,43
2/5/2013,19
2/6/2013,31
2/7/2013,18
2/8/2013,14
2/9/2013,21
2/10/2013,35
2/11/2013,29
2/12/2013,43
2/13/2013,52
2/14/2013,46
2/15/2013,46
2/16/2013,56
2/17/2013,29
2/18/2013,14
2/19/2013,3
2/20/2013,18
2/21/2013,16
2/22/2013,40
2/23/2013,15
2/24/2013,9
2/25/2013,35
2/26/2013,25
2/27/2013,49
2/28/2013,18
3/1/2013,35
3/2/2013,32
3/3/2013,28
3/4/2013,22
3/5/2013,10
3/6/2013,10
3/7/2013,13
3/8/2013,14
3/9/2013,24
3/10/2013,38
3/11/2013,27
3/12/2013,22
3/13/2013,33
3/14/2013,12
3/15/2013,24
3/16/2013,20
3/17/2013,20
3/18/2013,28
3/19/2013,23
3/20/2013,5
3/21/2013,18
3/22/2013,45
3/23/2013,31
3/24/2013,30
3/25/2013,10
3/26/2013,5
3/27/2013,9
3/28/2013,5
3/29/2013,20
3/30/2013,5
3/31/2013,4
4/1/2013,0
4/2/2013,4
4/3/2013,15
4/4/2013,1
4/5/2013,
4/10/2013,
4/11/2013,50
4/12/2013,55
4/13/2013,55
4/14/2013,34
4/15/2013,23
4/16/2013,38
4/17/2013,35
4/18/2013,54
4/19/2013,58
4/20/2013,52
4/21/2013,57
4/22/2013,57
4/23/2013,26
4/24/2013,33
4/25/2013,22
4/26/2013,38
4/27/2013,29
4/28/2013,55
4/29/2013,62
4/30/2013,64
5/1/2013,58
5/2/2013,71
5/3/2013,64
5/4/2013,66
5/5/2013,38
5/6/2013,35
5/7/2013,49
5/8/2013,29
5/9/2013,32
5/10/2013,38
5/11/2013,35
5/12/2013,18
5/13/2013,19
5/14/2013,54
5/15/2013,44
5/16/2013,15
5/17/2013,11
5/18/2013,22
5/19/2013,43
5/20/2013,57
5/21/2013,48
5/22/2013,34
5/23/2013,51
5/24/2013,51
5/25/2013,35
5/26/2013,4
5/27/2013,10
5/28/2013,10
5/29/2013,20
5/30/2013,38
5/31/2013,53
6/1/2013,62
6/2/2013,42
6/3/2013,28
6/4/2013,14
6/5/2013,20
6/6/2013,11
6/7/2013,38
6/8/2013,28
6/9/2013,16
6/10/2013,20
6/11/2013,30
6/12/2013,49
6/13/2013,47
6/14/2013,53
6/15/2013,33
6/16/2013,25
6/17/2013,10
6/18/2013,24
6/19/2013,20
6/20/2013,28
6/21/2013,36
6/22/2013,45
6/23/2013,7
6/24/2013,13
6/25/2013,12
6/26/2013,
6/27/2013,
6/28/2013,14
6/29/2013,30
6/30/2013,25
7/1/2013,12
7/2/2013,13
7/3/2013,17
7/4/2013,52
7/5/2013,57
7/6/2013,35
7/7/2013,28
7/8/2013,18
7/9/2013,19
7/10/2013,9
7/11/2013,44
7/12/2013,54
7/13/2013,57
7/14/2013,53
7/15/2013,33
7/16/2013,32
7/17/2013,38
7/18/2013,50
7/19/2013,59
7/20/2013,57
7/21/2013,46
7/22/2013,40
7/23/2013,30
7/24/2013,28
7/25/2013,35
7/26/2013,35
7/27/2013,35
7/28/2013,55
7/29/2013,83
7/30/2013,77
7/31/2013,47
8/1/2013,47
8/2/2013,52
8/3/2013,46
8/4/2013,33
8/5/2013,28
8/6/2013,24
8/7/2013,27
8/8/2013,29
8/9/2013,27
8/10/2013,23
8/11/2013,33
8/12/2013,47
8/13/2013,54
8/14/2013,38
8/15/2013,25
8/16/2013,26
8/17/2013,43
8/18/2013,51
8/19/2013,38
8/20/2013,48
8/21/2013,40
8/22/2013,38
8/23/2013,36
8/24/2013,32
8/25/2013,21
8/26/2013,30
8/27/2013,39
8/28/2013,23
8/29/2013,22
8/30/2013,32
8/31/2013,22
9/1/2013,36
9/2/2013,31
9/3/2013,33
9/4/2013,33
9/5/2013,33
9/6/2013,46
9/7/2013,54
9/8/2013,26
9/9/2013,25
9/10/2013,25
9/11/2013,44
9/12/2013,17
9/13/2013,28
9/14/2013,31
9/15/2013,26
9/16/2013,32
9/17/2013,45
9/18/2013,50
9/19/2013,49
9/20/2013,28
9/21/2013,23
9/22/2013,30
9/23/2013,35
9/24/2013,40
9/25/2013,37
9/26/2013,37
9/27/2013,35
9/28/2013,40
9/29/2013,27
9/30/2013,29
10/1/2013,54
10/2/2013,54
10/3/2013,41
10/4/2013,50
10/5/2013,46
10/6/2013,38
10/7/2013,53
10/8/2013,61
10/9/2013,57
10/10/2013,65
10/11/2013,57
10/12/2013,54
10/13/2013,51
10/14/2013,52
10/15/2013,50
10/16/2013,58
10/17/2013,57
10/18/2013,61
10/19/2013,53
10/20/2013,43
10/21/2013,
10/24/2013,
10/25/2013,34
10/26/2013,36
10/27/2013,39
10/28/2013,43
10/29/2013,33
10/30/2013,53
10/31/2013,53
11/1/2013,59
11/2/2013,45
11/3/2013,40
11/4/2013,30
11/5/2013,35
11/6/2013,59
11/7/2013,54
11/8/2013,31
11/9/2013,43
11/10/2013,58
11/11/2013,68
11/12/2013,35
11/13/2013,42
11/14/2013,45
11/15/2013,45
11/16/2013,29
11/17/2013,25
11/18/2013,20
11/19/2013,25
11/20/2013,22
11/21/2013,28
11/22/2013,24
11/23/2013,37
11/24/2013,49
11/25/2013,71
11/26/2013,68
11/27/2013,85
11/28/2013,66
11/29/2013,69
11/30/2013,60
12/1/2013,56
12/2/2013,24
12/3/2013,20
12/4/2013,20
12/5/2013,34
12/6/2013,33
12/7/2013,22
12/8/2013,27
12/9/2013,34
12/10/2013,55
12/11/2013,66
12/12/2013,74
12/13/2013,68
12/14/2013,67
12/15/2013,85
12/16/2013,72
12/17/2013,133
12/18/2013,56
12/19/2013,23
12/20/2013,43
12/21/2013,54
12/22/2013,64
12/23/2013,90
12/24/2013,87
12/25/2013,75
12/26/2013,68
12/27/2013,72
12/28/2013,59
12/29/2013,43
12/30/2013,84
12/31/2013,67
1/1/2014,72
1/2/2014,68
1/3/2014,61
1/4/2014,52
1/5/2014,39
1/6/2014,78
1/7/2014,59
1/8/2014,20
1/9/2014,28
1/10/2014,41
1/11/2014,25
1/12/2014,28
1/13/2014,32
1/14/2014,47
1/15/2014,56
1/16/2014,63
1/17/2014,95
1/18/2014,68
1/19/2014,72
1/20/2014,63
1/21/2014,52
1/22/2014,56
1/23/2014,53
1/24/2014,80
1/25/2014,64
1/26/2014,58
1/27/2014,35
1/28/2014,26
1/29/2014,14
1/30/2014,28
1/31/2014,22
2/1/2014,19
2/2/2014,20
2/3/2014,22
2/4/2014,24
2/5/2014,17
2/6/2014,26
2/7/2014,20
2/8/2014,
2/9/2014,15
2/10/2014,16
2/11/2014,26
2/12/2014,30
2/13/2014,22
2/14/2014,14
2/15/2014,25
2/16/2014,28
2/17/2014,27
2/18/2014,32
2/19/2014,24
2/20/2014,30
2/21/2014,33
2/22/2014,40
2/23/2014,33
2/24/2014,38
2/25/2014,45
2/26/2014,24
2/27/2014,24
2/28/2014,14
3/1/2014,14
3/2/2014,15
3/3/2014,21
3/4/2014,23
3/5/2014,34
3/6/2014,38
3/7/2014,32
3/8/2014,39
3/9/2014,28
3/10/2014,20
3/11/2014,13
3/12/2014,24
3/13/2014,25
3/14/2014,46
3/15/2014,33
3/16/2014,30
3/17/2014,28
3/18/2014,25
3/19/2014,35
3/20/2014,53
3/21/2014,53
3/22/2014,54
3/23/2014,38
3/24/2014,39
3/25/2014,21
3/26/2014,26
3/27/2014,34
3/28/2014,17
3/29/2014,20
3/30/2014,19
3/31/2014,13
4/1/2014,17
4/2/2014,14
4/3/2014,18
4/4/2014,14
4/5/2014,25
4/6/2014,40
4/7/2014,42
4/8/2014,32
4/9/2014,14
4/10/2014,26
4/11/2014,35
4/12/2014,40
4/13/2014,47
4/14/2014,48
4/15/2014,53
4/16/2014,55
4/17/2014,44
4/18/2014,36
4/19/2014,19
4/20/2014,37
4/21/2014,51
4/22/2014,13
4/23/2014,10
4/24/2014,21
4/25/2014,10
4/26/2014,7
4/27/2014,18
4/28/2014,34
4/29/2014,34
4/30/2014,38
5/1/2014,38
5/2/2014,11
5/3/2014,11
5/4/2014,10
5/5/2014,16
5/6/2014,25
5/7/2014,36
5/8/2014,17
5/9/2014,13
5/10/2014,12
5/11/2014,14
5/12/2014,31
5/13/2014,41
5/14/2014,40
5/15/2014,35
5/16/2014,36
5/17/2014,25
5/18/2014,17
5/19/2014,13
5/20/2014,19
5/21/2014,47
5/22/2014,20
5/23/2014,10
5/24/2014,33
5/25/2014,45
5/26/2014,31
5/27/2014,43
5/28/2014,29
5/29/2014,44
5/30/2014,53
5/31/2014,33
6/1/2014,39
6/2/2014,15
6/3/2014,25
6/4/2014,48
6/5/2014,53
6/6/2014,43
6/7/2014,60
6/8/2014,51
6/9/2014,54
6/10/2014,18
6/11/2014,33
6/12/2014,19
6/13/2014,41
6/14/2014,56
6/15/2014,55
6/16/2014,39
6/17/2014,40
6/18/2014,49
6/19/2014,34
6/20/2014,35
6/21/2014,51
6/22/2014,43
6/23/2014,44
6/24/2014,30
6/25/2014,9
6/26/2014,8
6/27/2014,4
6/28/2014,14
6/29/2014,34
6/30/2014,55
7/1/2014,15
7/2/2014,20
7/3/2014,38
7/4/2014,35
7/5/2014,25
7/6/2014,14
7/7/2014,11
7/8/2014,9
7/9/2014,8
7/10/2014,3
7/11/2014,5
7/12/2014,7
7/13/2014,22
7/14/2014,50
7/15/2014,23
7/16/2014,13
7/17/2014,10
7/18/2014,5
7/19/2014,7
7/20/2014,4
7/21/2014,5
7/22/2014,0
7/23/2014,4
7/24/2014,26
7/25/2014,56
7/26/2014,49
7/27/2014,43
7/28/2014,23
7/29/2014,25
7/30/2014,15
7/31/2014,25
8/1/2014,38
8/2/2014,31
8/3/2014,23
8/4/2014,9
8/5/2014,16
8/6/2014,24
8/7/2014,30
8/8/2014,56
8/9/2014,46
8/10/2014,14
8/11/2014,28
8/12/2014,13
8/13/2014,15
8/14/2014,10
8/15/2014,23
8/16/2014,23
8/17/2014,14
8/18/2014,16
8/19/2014,8
8/20/2014,12
8/21/2014,14
8/22/2014,17
8/23/2014,18
8/24/2014,15
8/25/2014,23
8/26/2014,15
8/27/2014,28
8/28/2014,13
8/29/2014,19
8/30/2014,26
8/31/2014,30
9/1/2014,48
9/2/2014,22
9/3/2014,31
9/4/2014,50
9/5/2014,62
9/6/2014,67
9/7/2014,49
9/8/2014,43
9/9/2014,31
9/10/2014,49
9/11/2014,41
9/12/2014,42
9/13/2014,42
9/14/2014,45
9/15/2014,33
9/16/2014,28
9/17/2014,20
9/18/2014,19
9/19/2014,20
9/20/2014,18
9/21/2014,11
9/22/2014,18
9/23/2014,7
9/24/2014,3
9/25/2014,10
9/26/2014,25
9/27/2014,33
9/28/2014,39
9/29/2014,34
9/30/2014,30
10/1/2014,34
10/2/2014,36
10/3/2014,49
10/4/2014,45
10/5/2014,33
10/6/2014,
10/10/2014,
10/11/2014,25
10/12/2014,50
10/13/2014,52
10/14/2014,33
10/15/2014,21
10/16/2014,30
10/17/2014,23
10/18/2014,23
10/19/2014,12
10/20/2014,16
10/21/2014,15
10/22/2014,30
10/23/2014,26
10/24/2014,27
10/25/2014,25
10/26/2014,25
10/27/2014,22
10/28/2014,27
10/29/2014,47
10/30/2014,40
10/31/2014,18
11/1/2014,20
11/2/2014,24
11/3/2014,30
11/4/2014,45
11/5/2014,49
11/6/2014,56
11/7/2014,37
11/8/2014,43
11/9/2014,37
11/10/2014,50
11/11/2014,28
11/12/2014,24
11/13/2014,18
11/14/2014,35
11/15/2014,40
11/16/2014,23
11/17/2014,26
11/18/2014,60
11/19/2014,40
11/20/2014,45
11/21/2014,46
11/22/2014,15
11/23/2014,18
11/24/2014,38
11/25/2014,58
11/26/2014,66
11/27/2014,83
11/28/2014,54
11/29/2014,28
11/30/2014,23
12/1/2014,53
12/2/2014,14
12/3/2014,13
12/4/2014,23
12/5/2014,29
12/6/2014,11
12/7/2014,46
12/8/2014,30
12/9/2014,56
12/10/2014,54
12/11/2014,13
12/12/2014,24
12/13/2014,48
12/14/2014,23
12/15/2014,23
12/16/2014,20
12/17/2014,31
12/18/2014,23
12/19/2014,23
12/20/2014,53
12/21/2014,3
12/22/2014,33
12/23/2014,42
12/24/2014,16
12/25/2014,4
12/26/2014,8
12/27/2014,33
12/28/2014,54
12/29/2014,36
12/30/2014,17
12/31/2014,23
1/1/2015,55
1/2/2015,73
1/3/2015,84
1/4/2015,86
1/5/2015,69
1/6/2015,90
1/7/2015,72
1/8/2015,98
1/9/2015,80
1/10/2015,56
1/11/2015,54
1/12/2015,50
1/13/2015,38
1/14/2015,81
1/15/2015,100
1/16/2015,93
1/17/2015,57
1/18/2015,58
1/19/2015,46
1/20/2015,55
1/21/2015,52
1/22/2015,63
1/23/2015,69
1/24/2015,68
1/25/2015,67
1/26/2015,64
1/27/2015,43
1/28/2015,91
1/29/2015,52
1/30/2015,46
1/31/2015,34
2/1/2015,57
2/2/2015,81
2/3/2015,60
2/4/2015,74
2/5/2015,34
2/6/2015,15
2/7/2015,26
2/8/2015,18
2/9/2015,43
2/10/2015,29
2/11/2015,36
2/12/2015,38
2/13/2015,49
2/14/2015,54
2/15/2015,45
2/16/2015,51
2/17/2015,47
2/18/2015,38
2/19/2015,48
2/20/2015,54
2/21/2015,43
2/22/2015,25
2/23/2015,18
2/24/2015,26
2/25/2015,41
2/26/2015,48
2/27/2015,15
2/28/2015,17
3/1/2015,20
3/2/2015,32
3/3/2015,33
3/4/2015,36
3/5/2015,36
3/6/2015,43
3/7/2015,44
3/8/2015,49
3/9/2015,53
3/10/2015,60
3/11/2015,41
3/12/2015,25
3/13/2015,37
3/14/2015,41
3/15/2015,18
3/16/2015,30
3/17/2015,21
3/18/2015,30
3/19/2015,51
3/20/2015,30
3/21/2015,20
3/22/2015,23
3/23/2015,28
3/24/2015,27
3/25/2015,30
3/26/2015,38
3/27/2015,13
3/28/2015,32
3/29/2015,45
3/30/2015,46
3/31/2015,28
4/1/2015,33
4/2/2015,35
4/3/2015,51
4/4/2015,28
4/5/2015,25
4/6/2015,15
4/7/2015,10
4/8/2015,18
4/9/2015,21
4/10/2015,20
4/11/2015,21
4/12/2015,22
4/13/2015,16
4/14/2015,22
4/15/2015,21
4/16/2015,16
4/17/2015,40
4/18/2015,41
4/19/2015,28
4/20/2015,33
4/21/2015,21
4/22/2015,34
4/23/2015,55
4/24/2015,22
4/25/2015,17
4/26/2015,15
4/27/2015,23
4/28/2015,25
4/29/2015,53
4/30/2015,44
5/1/2015,57
5/2/2015,45
5/3/2015,26
5/4/2015,32
5/5/2015,46
5/6/2015,52
5/7/2015,54
5/8/2015,56
5/9/2015,25
5/10/2015,25
5/11/2015,39
5/12/2015,23
5/13/2015,15
5/14/2015,13
5/15/2015,21
5/16/2015,23
5/17/2015,8
5/18/2015,16
5/19/2015,22
5/20/2015,13
5/21/2015,7
5/22/2015,10
5/23/2015,29
5/24/2015,33
5/25/2015,8
5/26/2015,8
5/27/2015,12
5/28/2015,7
5/29/2015,12
5/30/2015,17
5/31/2015,22
6/1/2015,3
6/2/2015,10
6/3/2015,30
6/4/2015,35
6/5/2015,32
6/6/2015,5
6/7/2015,0
6/8/2015,7
6/9/2015,0
6/10/2015,3
6/11/2015,17
6/12/2015,33
6/13/2015,30
6/14/2015,54
6/15/2015,44
6/16/2015,45
6/17/2015,36
6/18/2015,31
6/19/2015,18
6/20/2015,13
6/21/2015,27
6/22/2015,21
6/23/2015,35
6/24/2015,34
6/25/2015,36
6/26/2015,28
6/27/2015,11
6/28/2015,0
6/29/2015,4
6/30/2015,7
7/1/2015,5
7/2/2015,0
7/3/2015,0
7/4/2015,0
7/5/2015,0
7/6/2015,6
7/7/2015,0
7/8/2015,0
7/9/2015,13
7/10/2015,12
7/11/2015,0
7/12/2015,2
7/13/2015,3
7/14/2015,5
7/15/2015,18
7/16/2015,10
7/17/2015,11
7/18/2015,7
7/19/2015,0
7/20/2015,14
7/21/2015,5
7/22/2015,28
7/23/2015,25
7/24/2015,13
7/25/2015,0
7/26/2015,15
7/27/2015,30
7/28/2015,41
7/29/2015,15
7/30/2015,14
7/31/2015,15
8/1/2015,14
8/2/2015,13
8/3/2015,
8/4/2015,5
8/5/2015,0
8/6/2015,30
8/7/2015,22
8/8/2015,3
8/9/2015,0
8/10/2015,0
8/11/2015,0
8/12/2015,0
8/13/2015,0
8/14/2015,5
8/15/2015,59
8/16/2015,80
8/17/2015,66
8/18/2015,61
8/19/2015,40
8/20/2015,29
8/21/2015,24
8/22/2015,15
8/23/2015,28
8/24/2015,45
8/25/2015,52
8/26/2015,39
8/27/2015,19
8/28/2015,10
8/29/2015,0
8/30/2015,5
8/31/2015,30
9/1/2015,32
9/2/2015,8
9/3/2015,24
9/4/2015,24
9/5/2015,23
9/6/2015,19
9/7/2015,25
9/8/2015,37
9/9/2015,42
9/10/2015,18
9/11/2015,14
9/12/2015,16
9/13/2015,8
9/14/2015,7
9/15/2015,18
9/16/2015,4
9/17/2015,11
9/18/2015,26
9/19/2015,32
9/20/2015,33
9/21/2015,45
9/22/2015,35
9/23/2015,27
9/24/2015,12
9/25/2015,20
9/26/2015,14
9/27/2015,42
9/28/2015,24
9/29/2015,21
9/30/2015,
10/1/2015,
10/2/2015,23
10/3/2015,41
10/4/2015,35
10/5/2015,25
10/6/2015,24
10/7/2015,41
10/8/2015,38
10/9/2015,9
10/10/2015,0
10/11/2015,20
10/12/2015,36
10/13/2015,42
10/14/2015,25
10/15/2015,18
10/16/2015,5
10/17/2015,0
10/18/2015,0
10/19/2015,0
10/20/2015,20
10/21/2015,26
10/22/2015,40
10/23/2015,39
10/24/2015,46
10/25/2015,12
10/26/2015,20
10/27/2015,10
10/28/2015,1
10/29/2015,18
10/30/2015,34
10/31/2015,15
11/1/2015,0
11/2/2015,
11/6/2015,
11/7/2015,35
11/8/2015,22
11/9/2015,17
11/10/2015,27
11/11/2015,42
11/12/2015,39
11/13/2015,54
11/14/2015,66
11/15/2015,19
11/16/2015,13
11/17/2015,18
11/18/2015,41
11/19/2015,41
11/20/2015,33
11/21/2015,55
11/22/2015,58
11/23/2015,39
11/24/2015,25
11/25/2015,26
11/26/2015,21
11/27/2015,24
11/28/2015,22
11/29/2015,29
11/30/2015,55
12/1/2015,40
12/2/2015,68
12/3/2015,55
12/4/2015,37
12/5/2015,52
12/6/2015,26
12/7/2015,49
12/8/2015,53
12/9/2015,25
12/10/2015,28
12/11/2015,32
12/12/2015,30
12/13/2015,16
12/14/2015,24
12/15/2015,17
12/16/2015,51
12/17/2015,46
12/18/2015,33
12/19/2015,17
12/20/2015,16
12/21/2015,1
12/22/2015,16
12/23/2015,34
12/24/2015,21
12/25/2015,17
12/26/2015,26
12/27/2015,50
12/28/2015,51
12/29/2015,42
12/30/2015,55
12/31/2015,47
1/1/2016,52
1/2/2016,53
1/3/2016,67
1/4/2016,62
1/5/2016,27
1/6/2016,19
1/7/2016,38
1/8/2016,55
1/9/2016,41
1/10/2016,40
1/11/2016,55
1/12/2016,55
1/13/2016,39
1/14/2016,32
1/15/2016,48
1/16/2016,30
1/17/2016,23
1/18/2016,25
1/19/2016,36
1/20/2016,48
1/21/2016,39
1/22/2016,6
1/23/2016,26
1/24/2016,17
1/25/2016,24
1/26/2016,51
1/27/2016,52
1/28/2016,59
1/29/2016,15
1/30/2016,16
1/31/2016,19
2/1/2016,20
2/2/2016,28
2/3/2016,36
2/4/2016,45
2/5/2016,52
2/6/2016,52
2/7/2016,45
2/8/2016,44
2/9/2016,66
2/10/2016,60
2/11/2016,56
2/12/2016,38
2/13/2016,37
2/14/2016,39
2/15/2016,24
2/16/2016,61
2/17/2016,28
2/18/2016,26
2/19/2016,25
2/20/2016,34
2/21/2016,27
2/22/2016,34
2/23/2016,34
2/24/2016,52
2/25/2016,62
2/26/2016,18
2/27/2016,18
2/28/2016,33
2/29/2016,44
3/1/2016,25
3/2/2016,20
3/3/2016,11
3/4/2016,13
3/5/2016,0
3/6/2016,20
3/7/2016,19
3/8/2016,21
3/9/2016,28
3/10/2016,17
3/11/2016,20
3/12/2016,23
3/13/2016,25
3/14/2016,33
3/15/2016,34
3/16/2016,40
3/17/2016,25
3/18/2016,22
3/19/2016,13
3/20/2016,5
3/21/2016,30
3/22/2016,28
3/23/2016,20
3/24/2016,31
3/25/2016,47
3/26/2016,43
3/27/2016,17
3/28/2016,26
3/29/2016,35
3/30/2016,39
3/31/2016,38
4/1/2016,30
4/2/2016,36
4/3/2016,31
4/4/2016,34
4/5/2016,53
4/6/2016,36
4/7/2016,51
4/8/2016,38
4/9/2016,21
4/10/2016,24
4/11/2016,36
4/12/2016,35
4/13/2016,42
4/14/2016,42
4/15/2016,38
4/16/2016,25
4/17/2016,39
4/18/2016,45
4/19/2016,42
4/20/2016,34
4/21/2016,25
4/22/2016,30
4/23/2016,30
4/24/2016,32
4/25/2016,39
4/26/2016,48
4/27/2016,45
4/28/2016,49
4/29/2016,54
4/30/2016,39
5/1/2016,57
5/2/2016,57
5/3/2016,43
5/4/2016,48
5/5/2016,43
5/6/2016,54
5/7/2016,33
5/8/2016,38
5/9/2016,41
5/10/2016,41
5/11/2016,38
5/12/2016,35
5/13/2016,23
5/14/2016,10
5/15/2016,16
5/16/2016,27
5/17/2016,46
5/18/2016,55
5/19/2016,41
5/20/2016,22
5/21/2016,8
5/22/2016,10
5/23/2016,3
5/24/2016,6
5/25/2016,18
5/26/2016,36
5/27/2016,53
5/28/2016,54
5/29/2016,52
5/30/2016,35
5/31/2016,33
6/1/2016,21
6/2/2016,30
6/3/2016,30
6/4/2016,16
6/5/2016,6
6/6/2016,1
6/7/2016,0
6/8/2016,17
6/9/2016,5
6/10/2016,25
6/11/2016,40
6/12/2016,48
6/13/2016,37
6/14/2016,24
6/15/2016,18
6/16/2016,4
6/17/2016,6
6/18/2016,18
6/19/2016,19
6/20/2016,35
6/21/2016,43
6/22/2016,39
6/23/2016,28
6/24/2016,26
6/25/2016,54
6/26/2016,40
6/27/2016,35
6/28/2016,42
6/29/2016,48
6/30/2016,57
7/1/2016,51
7/2/2016,11
7/3/2016,3
7/4/2016,13
7/5/2016,16
7/6/2016,33
7/7/2016,11
7/8/2016,1
7/9/2016,0
7/10/2016,20
7/11/2016,35
7/12/2016,31
7/13/2016,39
7/14/2016,38
7/15/2016,18
7/16/2016,21
7/17/2016,23
7/18/2016,10
7/19/2016,9
7/20/2016,14
7/21/2016,13
7/22/2016,15
7/23/2016,52
7/24/2016,43
7/25/2016,20
7/26/2016,15
7/27/2016,23
7/28/2016,10
7/29/2016,8
7/30/2016,4
7/31/2016,8
8/1/2016,16
8/2/2016,18
8/3/2016,46
8/4/2016,21
8/5/2016,9
8/6/2016,42
8/7/2016,31
8/8/2016,34
8/9/2016,33
8/10/2016,15
8/11/2016,15
8/12/2016,12
8/13/2016,6
8/14/2016,11
8/15/2016,10
8/16/2016,17
8/17/2016,15
8/18/2016,14
8/19/2016,41
8/20/2016,25
8/21/2016,17
8/22/2016,15
8/23/2016,23
8/24/2016,22
8/25/2016,22
8/26/2016,13
8/27/2016,33
8/28/2016,26
8/29/2016,17
8/30/2016,12
8/31/2016,14
9/1/2016,33
9/2/2016,50
9/3/2016,42
9/4/2016,46
9/5/2016,51
9/6/2016,60
9/7/2016,53
9/8/2016,34
9/9/2016,38
9/10/2016,40
9/11/2016,33
9/12/2016,42
9/13/2016,41
9/14/2016,30
9/15/2016,
9/16/2016,13
9/17/2016,10
9/18/2016,2
9/19/2016,
9/27/2016,
9/28/2016,18
9/29/2016,43
9/30/2016,35
10/1/2016,24
10/2/2016,24
10/3/2016,20
10/4/2016,20
10/5/2016,28
10/6/2016,24
10/7/2016,35
10/8/2016,35
10/9/2016,30
10/10/2016,21
10/11/2016,21
10/12/2016,8
10/13/2016,3
10/14/2016,0
10/15/2016,11
10/16/2016,12
10/17/2016,28
10/18/2016,21
10/19/2016,35
10/20/2016,31
10/21/2016,33
10/22/2016,27
10/23/2016,25
10/24/2016,23
10/25/2016,3
10/26/2016,6
10/27/2016,15
10/28/2016,10
10/29/2016,7
10/30/2016,10
10/31/2016,22
11/1/2016,33
11/2/2016,37
11/3/2016,32
11/4/2016,55
11/5/2016,41
11/6/2016,19
11/7/2016,29
11/8/2016,18
11/9/2016,45
11/10/2016,45
11/11/2016,52
11/12/2016,20
11/13/2016,43
11/14/2016,
11/15/2016,
11/16/2016,48
11/17/2016,54
11/18/2016,54
11/19/2016,42
11/20/2016,49
11/21/2016,51
11/22/2016,52
11/23/2016,52
11/24/2016,55
11/25/2016,60
11/26/2016,45
11/27/2016,43
11/28/2016,48
11/29/2016,48
11/30/2016,51
12/1/2016,43
12/2/2016,46
12/3/2016,57
12/4/2016,55
12/5/2016,47
12/6/2016,
12/7/2016,
12/8/2016,32
12/9/2016,11
12/10/2016,8
12/11/2016,30
12/12/2016,41
12/13/2016,59
12/14/2016,39
12/15/2016,14
12/16/2016,43
12/17/2016,48
12/18/2016,56
12/19/2016,
12/22/2016,
12/23/2016,19
12/24/2016,13
12/25/2016,37
12/26/2016,14
12/27/2016,35
12/28/2016,40
12/29/2016,66
12/30/2016,61
12/31/2016,23
1/1/2017,28
1/2/2017,17
1/3/2017,9
1/4/2017,3
1/5/2017,16
1/6/2017,23
1/7/2017,15
1/8/2017,0
1/9/2017,2
1/10/2017,5
1/11/2017,13
1/12/2017,17
1/13/2017,39
1/14/2017,35
1/15/2017,57
1/16/2017,66
1/17/2017,82
1/18/2017,56
1/19/2017,30
1/20/2017,22
1/21/2017,25
1/22/2017,23
1/23/2017,23
1/24/2017,27
1/25/2017,21
1/26/2017,41
1/27/2017,33
1/28/2017,51
1/29/2017,47
1/30/2017,57
1/31/2017,80
2/1/2017,78
2/2/2017,18
2/3/2017,12
2/4/2017,19
2/5/2017,16
2/6/2017,16
2/7/2017,17
2/8/2017,12
2/9/2017,5
2/10/2017,13
2/11/2017,20
2/12/2017,30
2/13/2017,46
2/14/2017,51
2/15/2017,46
2/16/2017,33
2/17/2017,18
2/18/2017,15
2/19/2017,15
2/20/2017,22
2/21/2017,30
2/22/2017,17
2/23/2017,22
2/24/2017,21
2/25/2017,23
2/26/2017,25
2/27/2017,18
2/28/2017,22
3/1/2017,24
3/2/2017,41
3/3/2017,32
3/4/2017,6
3/5/2017,18
3/6/2017,23
3/7/2017,31
3/8/2017,20
3/9/2017,28
3/10/2017,20
3/11/2017,27
3/12/2017,28
3/13/2017,42
3/14/2017,42
3/15/2017,17
3/16/2017,11
3/17/2017,37
3/18/2017,22
3/19/2017,23
3/20/2017,32
3/21/2017,24
3/22/2017,20
3/23/2017,25
3/24/2017,24
3/25/2017,28
3/26/2017,17
3/27/2017,29
3/28/2017,39
3/29/2017,55
3/30/2017,48
3/31/2017,35
4/1/2017,43
4/2/2017,56
4/3/2017,54
4/4/2017,39
4/5/2017,32
4/6/2017,32
4/7/2017,35
4/8/2017,13
4/9/2017,21
4/10/2017,26
4/11/2017,25
4/12/2017,0
4/13/2017,18
4/14/2017,21
4/15/2017,30
4/16/2017,25
4/17/2017,11
4/18/2017,14
4/19/2017,24
4/20/2017,25
4/21/2017,33
4/22/2017,17
4/23/2017,16
4/24/2017,16
4/25/2017,18
4/26/2017,8
4/27/2017,36
4/28/2017,39
4/29/2017,34
4/30/2017,47
5/1/2017,47
5/2/2017,40
5/3/2017,41
5/4/2017,13
5/5/2017,27
5/6/2017,48
5/7/2017,59
5/8/2017,62
5/9/2017,60
5/10/2017,33
5/11/2017,18
5/12/2017,15
5/13/2017,19
5/14/2017,36
5/15/2017,41
5/16/2017,17
5/17/2017,28
5/18/2017,48
5/19/2017,55
5/20/2017,30
5/21/2017,41
5/22/2017,24
5/23/2017,12
5/24/2017,18
5/25/2017,24
5/26/2017,22
5/27/2017,17
5/28/2017,21
5/29/2017,22
5/30/2017,26
5/31/2017,11
6/1/2017,14
6/2/2017,30
6/3/2017,34
6/4/2017,45
6/5/2017,55
6/6/2017,48
6/7/2017,30
6/8/2017,19
6/9/2017,15
6/10/2017,23
6/11/2017,33
6/12/2017,50
6/13/2017,50
6/14/2017,49
6/15/2017,26
6/16/2017,30
6/17/2017,49
6/18/2017,58
6/19/2017,49
6/20/2017,48
6/21/2017,47
6/22/2017,48
6/23/2017,5
6/24/2017,2
6/25/2017,0
6/26/2017,0
6/27/2017,10
6/28/2017,33
6/29/2017,48
6/30/2017,41
7/1/2017,40
7/2/2017,16
7/3/2017,11
7/4/2017,15
7/5/2017,7
7/6/2017,22
7/7/2017,33
7/8/2017,53
7/9/2017,28
7/10/2017,37
7/11/2017,52
7/12/2017,46
7/13/2017,27
7/14/2017,30
7/15/2017,48
7/16/2017,56
7/17/2017,56
7/18/2017,40
7/19/2017,38
7/20/2017,34
7/21/2017,36
7/22/2017,48
7/23/2017,13
7/24/2017,15
7/25/2017,20
7/26/2017,11
7/27/2017,13
7/28/2017,36
7/29/2017,35
7/30/2017,
7/31/2017,
8/1/2017,9
8/2/2017,10
8/3/2017,29
8/4/2017,15
8/5/2017,0
8/6/2017,40
8/7/2017,38
8/8/2017,15
8/9/2017,25
8/10/2017,35
8/11/2017,33
8/12/2017,38
8/13/2017,10
8/14/2017,40
8/15/2017,40
8/16/2017,40
8/17/2017,40
8/18/2017,38
8/19/2017,30
8/20/2017,48
8/21/2017,35
8/22/2017,54
8/23/2017,52
8/24/2017,30
8/25/2017,51
8/26/2017,48
8/27/2017,52
8/28/2017,52
8/29/2017,40
8/30/2017,29
8/31/2017,69
9/1/2017,125
9/2/2017,103
9/3/2017,136
9/4/2017,125
9/5/2017,53
9/6/2017,45
9/7/2017,52
9/8/2017,26
9/9/2017,39
9/10/2017,54
9/11/2017,54
9/12/2017,45
9/13/2017,17
9/14/2017,43
9/15/2017,34
9/16/2017,56
9/17/2017,40
9/18/2017,15
9/19/2017,30
9/20/2017,25
9/21/2017,24
9/22/2017,22
9/23/2017,36
9/24/2017,47
9/25/2017,55
9/26/2017,52
9/27/2017,58
9/28/2017,35
9/29/2017,24
9/30/2017,45
10/1/2017,52
10/2/2017,45
10/3/2017,43
10/4/2017,34
10/5/2017,31
10/6/2017,50
10/7/2017,56
10/8/2017,57
10/9/2017,100
10/10/2017,127
10/11/2017,78
10/12/2017,136
10/13/2017,98
10/14/2017,69
10/15/2017,40
10/16/2017,74
10/17/2017,91
10/18/2017,34
10/19/2017,0
10/20/2017,19
10/21/2017,20
10/22/2017,19
10/23/2017,30
10/24/2017,30
10/25/2017,44
10/26/2017,54
10/27/2017,
10/31/2017,
11/1/2017,47
11/2/2017,51
11/3/2017,35
11/4/2017,21
11/5/2017,16
11/6/2017,20
11/7/2017,39
11/8/2017,34
11/9/2017,16
11/10/2017,26
11/11/2017,31
11/12/2017,26
11/13/2017,21
11/14/2017,33
11/15/2017,27
11/16/2017,23
11/17/2017,28
11/18/2017,46
11/19/2017,58
11/20/2017,75
11/21/2017,59
11/22/2017,69
11/23/2017,55
11/24/2017,19
11/25/2017,43
11/26/2017,13
11/27/2017,30
11/28/2017,41
11/29/2017,47
11/30/2017,47
12/1/2017,57
12/2/2017,63
12/3/2017,27
12/4/2017,24
12/5/2017,34
12/6/2017,55
12/7/2017,60
12/8/2017,75
12/9/2017,77
12/10/2017,60
12/11/2017,61
12/12/2017,64
12/13/2017,77
12/14/2017,80
12/15/2017,116
12/16/2017,33
12/17/2017,27
12/18/2017,73
12/19/2017,62
12/20/2017,19
12/21/2017,32
12/22/2017,78
12/23/2017,80
12/24/2017,67
12/25/2017,66
12/26/2017,56
12/27/2017,64
12/28/2017,61
12/29/2017,73
12/30/2017,70
12/31/2017,66
